<?xml version = '1.0' encoding = 'UTF-8'?>
<Table class="oracle.dbtools.crest.model.design.relational.Table" directorySegmentName="seg_0" id="455E0441-81A7-8562-DAD9-B7B2FD3767AC" name="Eleccion">
<createdBy>Eduardo Reyes</createdBy>
<createdTime>2024-04-23 14:45:41 UTC</createdTime>
<generatorID>E4FF1F72-876F-2197-29B6-5D2FE255C686</generatorID>
<ownerDesignName>MODELOFINALMAGISTRAL</ownerDesignName>
<allowColumnReorder>false</allowColumnReorder>
<existDependencyGenerateInDDl>true</existDependencyGenerateInDDl>
<parsed>true</parsed>
<columns itemClass="oracle.dbtools.crest.model.design.relational.Column">
<Column name="IdEleccion" id="391644DF-BC48-874A-940C-463166EBF453">
<createdBy>Eduardo Reyes</createdBy>
<createdTime>2024-04-23 14:45:41 UTC</createdTime>
<generatorID>5948111E-94E6-A2D7-03E8-24747A7523AC</generatorID>
<ownerDesignName>MODELOFINALMAGISTRAL</ownerDesignName>
<useDomainConstraints>false</useDomainConstraints>
<use>1</use>
<logicalDatatype>LOGDT011</logicalDatatype>
<ownDataTypeParameters>,,</ownDataTypeParameters>
<autoIncrementCycle>false</autoIncrementCycle>
</Column>
<Column name="IdMunicipio" id="7E695367-AC7A-5A65-E107-AC6BDA45F512">
<createdBy>Eduardo Reyes</createdBy>
<createdTime>2024-04-23 14:45:41 UTC</createdTime>
<generatorID>9DEF6319-5B03-8EF0-7051-246CF4610DA6</generatorID>
<ownerDesignName>MODELOFINALMAGISTRAL</ownerDesignName>
<useDomainConstraints>false</useDomainConstraints>
<use>1</use>
<logicalDatatype>LOGDT011</logicalDatatype>
<ownDataTypeParameters>,,</ownDataTypeParameters>
<previousColumn>false</previousColumn>
<autoIncrementCycle>false</autoIncrementCycle>
<associations>
<colAssociation fkAssociation="1386C1FD-300E-9BE2-0B42-F16E8A758583" referredColumn="78B4CD5B-4425-5DFC-31C3-629B446C753B"/>
</associations>
</Column>
<Column name="yearEleccion" id="7E1716A3-BB3E-CE9D-D39F-36172C784578">
<createdBy>Eduardo Reyes</createdBy>
<createdTime>2024-04-23 14:45:41 UTC</createdTime>
<generatorID>3F4DCDB8-2318-2324-6D18-774DC9F33788</generatorID>
<ownerDesignName>MODELOFINALMAGISTRAL</ownerDesignName>
<useDomainConstraints>false</useDomainConstraints>
<use>1</use>
<logicalDatatype>LOGDT011</logicalDatatype>
<ownDataTypeParameters>,,</ownDataTypeParameters>
<autoIncrementCycle>false</autoIncrementCycle>
</Column>
<Column name="IdNombreEleccion" id="23C7B326-A4B2-2EB7-C8B8-23ECFAEF6B7A">
<createdBy>Eduardo Reyes</createdBy>
<createdTime>2024-04-23 14:45:41 UTC</createdTime>
<generatorID>0A0F6684-0518-8019-C307-06C0D04F4B27</generatorID>
<ownerDesignName>MODELOFINALMAGISTRAL</ownerDesignName>
<useDomainConstraints>false</useDomainConstraints>
<use>1</use>
<logicalDatatype>LOGDT011</logicalDatatype>
<ownDataTypeParameters>,,</ownDataTypeParameters>
<previousColumn>false</previousColumn>
<autoIncrementCycle>false</autoIncrementCycle>
<associations>
<colAssociation fkAssociation="BB26A31B-895B-4620-0C0E-54BA33C78D54" referredColumn="BBC98A65-B5EC-7140-E1CB-0DBE16DE63B4"/>
</associations>
</Column>
</columns>
<indexes itemClass="oracle.dbtools.crest.model.design.relational.Index">
<ind_PK_UK id="0B33F8C4-E3A2-89F7-D12D-B89690AB839D" name="Eleccion_PK">
<createdBy>Eduardo Reyes</createdBy>
<createdTime>2024-04-23 14:45:41 UTC</createdTime>
<generatorID>01E306C5-9B04-481A-A6EF-5DA7F47B71E6</generatorID>
<ownerDesignName>MODELOFINALMAGISTRAL</ownerDesignName>
<pk>true</pk>
<indexState>Primary Constraint</indexState>
<isSurrogateKey>false</isSurrogateKey>
<indexColumnUsage>
<colUsage columnID="391644DF-BC48-874A-940C-463166EBF453"/>
</indexColumnUsage>
</ind_PK_UK>
<ind_PK_UK id="AB51F8A4-351E-5709-A30E-EC9505EFD501" name="Eleccion_Municipio_FK">
<createdBy>Eduardo Reyes</createdBy>
<createdTime>2024-04-23 14:45:41 UTC</createdTime>
<generatorID>8B90F9F8-9A33-86BC-1A75-509BD1BC5E0A</generatorID>
<ownerDesignName>MODELOFINALMAGISTRAL</ownerDesignName>
<indexState>Foreign Key</indexState>
<isSurrogateKey>false</isSurrogateKey>
<indexColumnUsage>
<colUsage columnID="7E695367-AC7A-5A65-E107-AC6BDA45F512"/>
</indexColumnUsage>
</ind_PK_UK>
<ind_PK_UK id="A9E8D08E-AA78-C937-211D-33E4731AD9D3" name="Eleccion_NombreEleccion_FK">
<createdBy>Eduardo Reyes</createdBy>
<createdTime>2024-04-23 14:45:41 UTC</createdTime>
<generatorID>0AF1AC71-CD0C-C825-8ED5-FCC76E2C43BB</generatorID>
<ownerDesignName>MODELOFINALMAGISTRAL</ownerDesignName>
<indexState>Foreign Key</indexState>
<isSurrogateKey>false</isSurrogateKey>
<indexColumnUsage>
<colUsage columnID="23C7B326-A4B2-2EB7-C8B8-23ECFAEF6B7A"/>
</indexColumnUsage>
</ind_PK_UK>
</indexes>
</Table>