<?xml version = '1.0' encoding = 'UTF-8'?>
<Table class="oracle.dbtools.crest.model.design.relational.Table" directorySegmentName="seg_0" id="66B0483A-24C7-EA15-B852-87C2DE21DB21" name="Departamento">
<createdBy>Eduardo Reyes</createdBy>
<createdTime>2024-04-23 14:45:41 UTC</createdTime>
<generatorID>6E3D3D0A-A5F1-B63D-2C1F-2B3F2E8A7620</generatorID>
<ownerDesignName>MODELOFINALMAGISTRAL</ownerDesignName>
<allowColumnReorder>false</allowColumnReorder>
<existDependencyGenerateInDDl>true</existDependencyGenerateInDDl>
<parsed>true</parsed>
<columns itemClass="oracle.dbtools.crest.model.design.relational.Column">
<Column name="IdDepartamento" id="1F697261-079D-5BD7-E113-CF4B77BFA039">
<createdBy>Eduardo Reyes</createdBy>
<createdTime>2024-04-23 14:45:41 UTC</createdTime>
<generatorID>5317A2C8-6347-6EAD-E0DA-B598F8FBC213</generatorID>
<ownerDesignName>MODELOFINALMAGISTRAL</ownerDesignName>
<useDomainConstraints>false</useDomainConstraints>
<use>1</use>
<logicalDatatype>LOGDT011</logicalDatatype>
<ownDataTypeParameters>,,</ownDataTypeParameters>
<autoIncrementCycle>false</autoIncrementCycle>
</Column>
<Column name="IdRegion" id="DDA77F0A-10CB-3211-6FE5-DC943DE854A8">
<createdBy>Eduardo Reyes</createdBy>
<createdTime>2024-04-23 14:45:41 UTC</createdTime>
<generatorID>21DEA81F-55FD-4670-BFB8-855005378854</generatorID>
<ownerDesignName>MODELOFINALMAGISTRAL</ownerDesignName>
<useDomainConstraints>false</useDomainConstraints>
<use>1</use>
<logicalDatatype>LOGDT011</logicalDatatype>
<ownDataTypeParameters>,,</ownDataTypeParameters>
<previousColumn>false</previousColumn>
<autoIncrementCycle>false</autoIncrementCycle>
<associations>
<colAssociation fkAssociation="36E054A5-6627-1889-A341-17D3E8B79EC7" referredColumn="2AD6BBA7-7FE7-5D82-E80C-DBE13B19E3AB"/>
</associations>
</Column>
<Column name="NombreDepartamento" id="A62E982D-0210-F2DC-C3C1-76E1718EC61B">
<createdBy>Eduardo Reyes</createdBy>
<createdTime>2024-04-23 14:45:41 UTC</createdTime>
<generatorID>5E086A18-2167-B7CA-3965-C27E1678DEDD</generatorID>
<ownerDesignName>MODELOFINALMAGISTRAL</ownerDesignName>
<useDomainConstraints>false</useDomainConstraints>
<use>1</use>
<logicalDatatype>LOGDT024</logicalDatatype>
<dataTypeSize>60</dataTypeSize>
<ownDataTypeParameters>60,,</ownDataTypeParameters>
<autoIncrementCycle>false</autoIncrementCycle>
</Column>
</columns>
<indexes itemClass="oracle.dbtools.crest.model.design.relational.Index">
<ind_PK_UK id="B63EE30B-F76E-893B-DBCB-91D595EA59EF" name="Departamento_PK">
<createdBy>Eduardo Reyes</createdBy>
<createdTime>2024-04-23 14:45:41 UTC</createdTime>
<generatorID>FD9C531E-7598-0220-87E9-2F1E5044AEB1</generatorID>
<ownerDesignName>MODELOFINALMAGISTRAL</ownerDesignName>
<pk>true</pk>
<indexState>Primary Constraint</indexState>
<isSurrogateKey>false</isSurrogateKey>
<indexColumnUsage>
<colUsage columnID="1F697261-079D-5BD7-E113-CF4B77BFA039"/>
</indexColumnUsage>
</ind_PK_UK>
<ind_PK_UK id="16E35912-5664-4577-6AF0-55A1D9E2DA58" name="Departamento_Region_FK">
<createdBy>Eduardo Reyes</createdBy>
<createdTime>2024-04-23 14:45:41 UTC</createdTime>
<generatorID>22A99B4B-07B3-E94C-8C5A-C90C830854E1</generatorID>
<ownerDesignName>MODELOFINALMAGISTRAL</ownerDesignName>
<indexState>Foreign Key</indexState>
<isSurrogateKey>false</isSurrogateKey>
<indexColumnUsage>
<colUsage columnID="DDA77F0A-10CB-3211-6FE5-DC943DE854A8"/>
</indexColumnUsage>
</ind_PK_UK>
</indexes>
</Table>