<?xml version = '1.0' encoding = 'UTF-8'?>
<Table class="oracle.dbtools.crest.model.design.relational.Table" directorySegmentName="seg_0" id="7984CDE8-6D92-9600-6311-9EA4ED2ACD4B" name="Pais">
<createdBy>Eduardo Reyes</createdBy>
<createdTime>2024-04-23 14:45:41 UTC</createdTime>
<generatorID>F56A66E1-6515-C2F0-6CF9-A1A2B0096A1D</generatorID>
<ownerDesignName>MODELOFINALMAGISTRAL</ownerDesignName>
<allowColumnReorder>false</allowColumnReorder>
<existDependencyGenerateInDDl>true</existDependencyGenerateInDDl>
<parsed>true</parsed>
<columns itemClass="oracle.dbtools.crest.model.design.relational.Column">
<Column name="IdPais" id="1D71BD81-E275-2C15-4A75-B3BB97489A62">
<createdBy>Eduardo Reyes</createdBy>
<createdTime>2024-04-23 14:45:41 UTC</createdTime>
<generatorID>A1C2245B-7B6D-6C24-F775-CDB79F7D55BF</generatorID>
<ownerDesignName>MODELOFINALMAGISTRAL</ownerDesignName>
<useDomainConstraints>false</useDomainConstraints>
<use>1</use>
<logicalDatatype>LOGDT011</logicalDatatype>
<ownDataTypeParameters>,,</ownDataTypeParameters>
<autoIncrementCycle>false</autoIncrementCycle>
</Column>
<Column name="NombrePais" id="1DA8AEB4-4CA1-ED27-0896-AC20B91C46E6">
<createdBy>Eduardo Reyes</createdBy>
<createdTime>2024-04-23 14:45:41 UTC</createdTime>
<generatorID>DDE7F821-B621-AFFB-8AE4-1F832DBB92A1</generatorID>
<ownerDesignName>MODELOFINALMAGISTRAL</ownerDesignName>
<useDomainConstraints>false</useDomainConstraints>
<use>1</use>
<logicalDatatype>LOGDT024</logicalDatatype>
<dataTypeSize>60</dataTypeSize>
<ownDataTypeParameters>60,,</ownDataTypeParameters>
<autoIncrementCycle>false</autoIncrementCycle>
</Column>
</columns>
<indexes itemClass="oracle.dbtools.crest.model.design.relational.Index">
<ind_PK_UK id="D12F0757-5376-08BC-6DDD-2374A122AD1D" name="Pais_PK">
<createdBy>Eduardo Reyes</createdBy>
<createdTime>2024-04-23 14:45:41 UTC</createdTime>
<generatorID>2315BE48-140F-7CB7-E784-6DD6B4FA97A4</generatorID>
<ownerDesignName>MODELOFINALMAGISTRAL</ownerDesignName>
<pk>true</pk>
<indexState>Primary Constraint</indexState>
<isSurrogateKey>false</isSurrogateKey>
<indexColumnUsage>
<colUsage columnID="1D71BD81-E275-2C15-4A75-B3BB97489A62"/>
</indexColumnUsage>
</ind_PK_UK>
</indexes>
</Table>