<?xml version = '1.0' encoding = 'UTF-8'?>
<Table class="oracle.dbtools.crest.model.design.relational.Table" directorySegmentName="seg_0" id="7F49A274-644A-3F79-2F35-C7122BF4B25F" name="Resultados">
<createdBy>Eduardo Reyes</createdBy>
<createdTime>2024-04-23 14:45:41 UTC</createdTime>
<generatorID>E5A24867-A1F9-442F-0D89-AACD38E2E19E</generatorID>
<ownerDesignName>MODELOFINALMAGISTRAL</ownerDesignName>
<allowColumnReorder>false</allowColumnReorder>
<existDependencyGenerateInDDl>true</existDependencyGenerateInDDl>
<parsed>true</parsed>
<columns itemClass="oracle.dbtools.crest.model.design.relational.Column">
<Column name="IdEleccion" id="F047CDAC-F50C-F708-20B3-69F3F669B720">
<createdBy>Eduardo Reyes</createdBy>
<createdTime>2024-04-23 14:45:41 UTC</createdTime>
<generatorID>45062511-C0CF-1505-CC57-9BFCAEC1E13C</generatorID>
<ownerDesignName>MODELOFINALMAGISTRAL</ownerDesignName>
<useDomainConstraints>false</useDomainConstraints>
<use>1</use>
<logicalDatatype>LOGDT011</logicalDatatype>
<ownDataTypeParameters>,,</ownDataTypeParameters>
<previousColumn>false</previousColumn>
<autoIncrementCycle>false</autoIncrementCycle>
<associations>
<colAssociation fkAssociation="EB60A510-AC9C-16B5-78C5-4B149A27DEAE" referredColumn="391644DF-BC48-874A-940C-463166EBF453"/>
</associations>
</Column>
<Column name="IdPartido" id="FB2A3685-7966-D3EC-63D8-EAD58E19141A">
<createdBy>Eduardo Reyes</createdBy>
<createdTime>2024-04-23 14:45:41 UTC</createdTime>
<generatorID>536A2810-FCEA-B677-014A-FE82081EDC8F</generatorID>
<ownerDesignName>MODELOFINALMAGISTRAL</ownerDesignName>
<useDomainConstraints>false</useDomainConstraints>
<use>1</use>
<logicalDatatype>LOGDT024</logicalDatatype>
<dataTypeSize>30</dataTypeSize>
<ownDataTypeParameters>,,</ownDataTypeParameters>
<previousColumn>false</previousColumn>
<autoIncrementCycle>false</autoIncrementCycle>
<associations>
<colAssociation fkAssociation="6E734727-56F1-4198-98A5-3A604A5C58E9" referredColumn="8D6538B1-9587-2E75-4EE2-FA5C633E8F1B"/>
</associations>
</Column>
<Column name="Sexo" id="9D61DD36-7ADA-7499-691B-35F101F1EA76">
<createdBy>Eduardo Reyes</createdBy>
<createdTime>2024-04-23 14:45:41 UTC</createdTime>
<generatorID>AE23580D-38B2-A596-B051-323A0A8400A6</generatorID>
<ownerDesignName>MODELOFINALMAGISTRAL</ownerDesignName>
<useDomainConstraints>false</useDomainConstraints>
<use>1</use>
<logicalDatatype>LOGDT024</logicalDatatype>
<dataTypeSize>20</dataTypeSize>
<ownDataTypeParameters>20,,</ownDataTypeParameters>
<autoIncrementCycle>false</autoIncrementCycle>
</Column>
<Column name="Raza" id="9DC6AC85-2C86-2FD5-9E8B-CBDFF091B9E1">
<createdBy>Eduardo Reyes</createdBy>
<createdTime>2024-04-23 14:45:41 UTC</createdTime>
<generatorID>B4A7D9B2-C0D1-14A5-9C0B-148B7C807213</generatorID>
<ownerDesignName>MODELOFINALMAGISTRAL</ownerDesignName>
<useDomainConstraints>false</useDomainConstraints>
<use>1</use>
<logicalDatatype>LOGDT024</logicalDatatype>
<dataTypeSize>20</dataTypeSize>
<ownDataTypeParameters>20,,</ownDataTypeParameters>
<autoIncrementCycle>false</autoIncrementCycle>
</Column>
<Column name="Analfabetos" id="EDD79CBE-1B83-60BF-9B54-F33C526DA2A9">
<createdBy>Eduardo Reyes</createdBy>
<createdTime>2024-04-23 14:45:41 UTC</createdTime>
<generatorID>D6439B5B-B642-3787-C3BF-2A6DD5011AA2</generatorID>
<ownerDesignName>MODELOFINALMAGISTRAL</ownerDesignName>
<useDomainConstraints>false</useDomainConstraints>
<use>1</use>
<logicalDatatype>LOGDT011</logicalDatatype>
<ownDataTypeParameters>,,</ownDataTypeParameters>
<autoIncrementCycle>false</autoIncrementCycle>
</Column>
<Column name="Primaria" id="47EE5E0C-43CB-1DFD-3450-7D2EBC5DF37D">
<createdBy>Eduardo Reyes</createdBy>
<createdTime>2024-04-23 14:45:41 UTC</createdTime>
<generatorID>71D82E9E-F3D9-83FA-7BDD-E548D6B34157</generatorID>
<ownerDesignName>MODELOFINALMAGISTRAL</ownerDesignName>
<useDomainConstraints>false</useDomainConstraints>
<use>1</use>
<logicalDatatype>LOGDT011</logicalDatatype>
<ownDataTypeParameters>,,</ownDataTypeParameters>
<autoIncrementCycle>false</autoIncrementCycle>
</Column>
<Column name="NivelMedio" id="032008F9-C311-DE42-DF14-7C87807A251E">
<createdBy>Eduardo Reyes</createdBy>
<createdTime>2024-04-23 14:45:41 UTC</createdTime>
<generatorID>D0ADBC5A-F4C4-FDF3-0087-998388EC7F86</generatorID>
<ownerDesignName>MODELOFINALMAGISTRAL</ownerDesignName>
<useDomainConstraints>false</useDomainConstraints>
<use>1</use>
<logicalDatatype>LOGDT011</logicalDatatype>
<ownDataTypeParameters>,,</ownDataTypeParameters>
<autoIncrementCycle>false</autoIncrementCycle>
</Column>
<Column name="Universitarios" id="DC77770D-0EE7-4352-C49E-F6493FCC7FFB">
<createdBy>Eduardo Reyes</createdBy>
<createdTime>2024-04-23 14:45:41 UTC</createdTime>
<generatorID>6EF53E2C-2AAE-E6ED-4813-BAA4545CF8B6</generatorID>
<ownerDesignName>MODELOFINALMAGISTRAL</ownerDesignName>
<useDomainConstraints>false</useDomainConstraints>
<use>1</use>
<logicalDatatype>LOGDT011</logicalDatatype>
<ownDataTypeParameters>,,</ownDataTypeParameters>
<autoIncrementCycle>false</autoIncrementCycle>
</Column>
</columns>
<indexes itemClass="oracle.dbtools.crest.model.design.relational.Index">
<ind_PK_UK id="93F87719-0678-D148-0A0F-7304937C0994" name="Resultados_PK">
<createdBy>Eduardo Reyes</createdBy>
<createdTime>2024-04-23 14:45:41 UTC</createdTime>
<generatorID>3E536280-2DCF-4BE3-C347-987D11108956</generatorID>
<ownerDesignName>MODELOFINALMAGISTRAL</ownerDesignName>
<pk>true</pk>
<indexState>Primary Constraint</indexState>
<isSurrogateKey>false</isSurrogateKey>
<indexColumnUsage>
<colUsage columnID="FB2A3685-7966-D3EC-63D8-EAD58E19141A"/>
<colUsage columnID="F047CDAC-F50C-F708-20B3-69F3F669B720"/>
<colUsage columnID="9D61DD36-7ADA-7499-691B-35F101F1EA76"/>
<colUsage columnID="9DC6AC85-2C86-2FD5-9E8B-CBDFF091B9E1"/>
</indexColumnUsage>
</ind_PK_UK>
<ind_PK_UK id="F502EBA4-52D3-E59C-DC0F-DC78ED965593" name="Resultados_Eleccion_FK">
<createdBy>Eduardo Reyes</createdBy>
<createdTime>2024-04-23 14:45:41 UTC</createdTime>
<generatorID>98AC4B56-EEF6-F3C4-6308-905E4FD1CE8C</generatorID>
<ownerDesignName>MODELOFINALMAGISTRAL</ownerDesignName>
<indexState>Foreign Key</indexState>
<isSurrogateKey>false</isSurrogateKey>
<indexColumnUsage>
<colUsage columnID="F047CDAC-F50C-F708-20B3-69F3F669B720"/>
</indexColumnUsage>
</ind_PK_UK>
<ind_PK_UK id="FA1176D1-8952-84B9-8909-306179482DE6" name="Resultados_PartidoPolitico_FK">
<createdBy>Eduardo Reyes</createdBy>
<createdTime>2024-04-23 14:45:41 UTC</createdTime>
<generatorID>441942F1-EB71-F0DA-D841-FBB3B60EDAF6</generatorID>
<ownerDesignName>MODELOFINALMAGISTRAL</ownerDesignName>
<indexState>Foreign Key</indexState>
<isSurrogateKey>false</isSurrogateKey>
<indexColumnUsage>
<colUsage columnID="FB2A3685-7966-D3EC-63D8-EAD58E19141A"/>
</indexColumnUsage>
</ind_PK_UK>
</indexes>
</Table>