<?xml version = '1.0' encoding = 'UTF-8'?>
<Table class="oracle.dbtools.crest.model.design.relational.Table" directorySegmentName="seg_0" id="85B8F25E-D634-F64B-375D-B5BC3BC545D1" name="Region">
<createdBy>Eduardo Reyes</createdBy>
<createdTime>2024-04-23 14:45:41 UTC</createdTime>
<generatorID>DB26B2DD-EC14-80BC-B37B-580358095304</generatorID>
<ownerDesignName>MODELOFINALMAGISTRAL</ownerDesignName>
<allowColumnReorder>false</allowColumnReorder>
<existDependencyGenerateInDDl>true</existDependencyGenerateInDDl>
<parsed>true</parsed>
<columns itemClass="oracle.dbtools.crest.model.design.relational.Column">
<Column name="IdRegion" id="2AD6BBA7-7FE7-5D82-E80C-DBE13B19E3AB">
<createdBy>Eduardo Reyes</createdBy>
<createdTime>2024-04-23 14:45:41 UTC</createdTime>
<generatorID>EEFB8E52-C390-CC55-8DC4-68750139E010</generatorID>
<ownerDesignName>MODELOFINALMAGISTRAL</ownerDesignName>
<useDomainConstraints>false</useDomainConstraints>
<use>1</use>
<logicalDatatype>LOGDT011</logicalDatatype>
<ownDataTypeParameters>,,</ownDataTypeParameters>
<autoIncrementCycle>false</autoIncrementCycle>
</Column>
<Column name="IdPais" id="66A2A48A-784F-DA79-AEF6-DD6AA8D67A5E">
<createdBy>Eduardo Reyes</createdBy>
<createdTime>2024-04-23 14:45:41 UTC</createdTime>
<generatorID>1B91E29E-A6B3-59D3-C117-974D930C8C20</generatorID>
<ownerDesignName>MODELOFINALMAGISTRAL</ownerDesignName>
<useDomainConstraints>false</useDomainConstraints>
<use>1</use>
<logicalDatatype>LOGDT011</logicalDatatype>
<ownDataTypeParameters>,,</ownDataTypeParameters>
<previousColumn>false</previousColumn>
<autoIncrementCycle>false</autoIncrementCycle>
<associations>
<colAssociation fkAssociation="DA8E81BA-D084-55A2-D3CE-EDEC7D71F02A" referredColumn="1D71BD81-E275-2C15-4A75-B3BB97489A62"/>
</associations>
</Column>
<Column name="NombreRegion" id="75A10665-124B-25CD-8304-ECAF30BC2875">
<createdBy>Eduardo Reyes</createdBy>
<createdTime>2024-04-23 14:45:41 UTC</createdTime>
<generatorID>229A58BA-8344-FF8C-D965-AA81BD41C2AE</generatorID>
<ownerDesignName>MODELOFINALMAGISTRAL</ownerDesignName>
<useDomainConstraints>false</useDomainConstraints>
<use>1</use>
<logicalDatatype>LOGDT024</logicalDatatype>
<dataTypeSize>60</dataTypeSize>
<ownDataTypeParameters>60,,</ownDataTypeParameters>
<autoIncrementCycle>false</autoIncrementCycle>
</Column>
</columns>
<indexes itemClass="oracle.dbtools.crest.model.design.relational.Index">
<ind_PK_UK id="811E6880-70F2-CABE-416C-4AC50698FAB4" name="Region_PK">
<createdBy>Eduardo Reyes</createdBy>
<createdTime>2024-04-23 14:45:41 UTC</createdTime>
<generatorID>A61ADB85-E7E0-ECB2-D563-92F038055713</generatorID>
<ownerDesignName>MODELOFINALMAGISTRAL</ownerDesignName>
<pk>true</pk>
<indexState>Primary Constraint</indexState>
<isSurrogateKey>false</isSurrogateKey>
<indexColumnUsage>
<colUsage columnID="2AD6BBA7-7FE7-5D82-E80C-DBE13B19E3AB"/>
</indexColumnUsage>
</ind_PK_UK>
<ind_PK_UK id="00949EDC-44B3-C4BD-B602-5BDC1F91981C" name="Region_Pais_FK">
<createdBy>Eduardo Reyes</createdBy>
<createdTime>2024-04-23 14:45:41 UTC</createdTime>
<generatorID>B45B43AF-7013-FA02-5F1A-A55399C8A0C1</generatorID>
<ownerDesignName>MODELOFINALMAGISTRAL</ownerDesignName>
<indexState>Foreign Key</indexState>
<isSurrogateKey>false</isSurrogateKey>
<indexColumnUsage>
<colUsage columnID="66A2A48A-784F-DA79-AEF6-DD6AA8D67A5E"/>
</indexColumnUsage>
</ind_PK_UK>
</indexes>
</Table>