<?xml version = '1.0' encoding = 'UTF-8'?>
<Table class="oracle.dbtools.crest.model.design.relational.Table" directorySegmentName="seg_0" id="A1A86ABB-1CBF-2CAA-A251-0588FE96510B" name="Municipio">
<createdBy>Eduardo Reyes</createdBy>
<createdTime>2024-04-23 14:45:41 UTC</createdTime>
<generatorID>2AF7210B-A7C5-9FF0-AEA7-B61295F2881D</generatorID>
<ownerDesignName>MODELOFINALMAGISTRAL</ownerDesignName>
<allowColumnReorder>false</allowColumnReorder>
<existDependencyGenerateInDDl>true</existDependencyGenerateInDDl>
<parsed>true</parsed>
<columns itemClass="oracle.dbtools.crest.model.design.relational.Column">
<Column name="IdMunicipio" id="78B4CD5B-4425-5DFC-31C3-629B446C753B">
<createdBy>Eduardo Reyes</createdBy>
<createdTime>2024-04-23 14:45:41 UTC</createdTime>
<generatorID>577A1EE3-40C4-DCBA-ABD1-77B005BF31B5</generatorID>
<ownerDesignName>MODELOFINALMAGISTRAL</ownerDesignName>
<useDomainConstraints>false</useDomainConstraints>
<use>1</use>
<logicalDatatype>LOGDT011</logicalDatatype>
<ownDataTypeParameters>,,</ownDataTypeParameters>
<autoIncrementCycle>false</autoIncrementCycle>
</Column>
<Column name="IdDepartamento" id="CEDB7E8D-CE4B-BAF3-DEA2-D4A0BA295BA5">
<createdBy>Eduardo Reyes</createdBy>
<createdTime>2024-04-23 14:45:41 UTC</createdTime>
<generatorID>68616623-F524-3B6C-4037-944CF299F1F2</generatorID>
<ownerDesignName>MODELOFINALMAGISTRAL</ownerDesignName>
<useDomainConstraints>false</useDomainConstraints>
<use>1</use>
<logicalDatatype>LOGDT011</logicalDatatype>
<ownDataTypeParameters>,,</ownDataTypeParameters>
<previousColumn>false</previousColumn>
<autoIncrementCycle>false</autoIncrementCycle>
<associations>
<colAssociation fkAssociation="6BD296C0-E94E-A337-BA4D-427FE7C42F9E" referredColumn="1F697261-079D-5BD7-E113-CF4B77BFA039"/>
</associations>
</Column>
<Column name="NombreMunicipio" id="75D42AB0-5814-C771-21D8-F3403568BB6E">
<createdBy>Eduardo Reyes</createdBy>
<createdTime>2024-04-23 14:45:41 UTC</createdTime>
<generatorID>E2F8D1A6-3B6B-C716-ACCE-8C49C423978F</generatorID>
<ownerDesignName>MODELOFINALMAGISTRAL</ownerDesignName>
<useDomainConstraints>false</useDomainConstraints>
<use>1</use>
<logicalDatatype>LOGDT024</logicalDatatype>
<dataTypeSize>60</dataTypeSize>
<ownDataTypeParameters>60,,</ownDataTypeParameters>
<autoIncrementCycle>false</autoIncrementCycle>
</Column>
</columns>
<indexes itemClass="oracle.dbtools.crest.model.design.relational.Index">
<ind_PK_UK id="44108A9C-B3F0-6027-5891-A91FB4948540" name="Municipio_PK">
<createdBy>Eduardo Reyes</createdBy>
<createdTime>2024-04-23 14:45:41 UTC</createdTime>
<generatorID>534BCB79-0889-5964-9EE9-15E9989E08D8</generatorID>
<ownerDesignName>MODELOFINALMAGISTRAL</ownerDesignName>
<pk>true</pk>
<indexState>Primary Constraint</indexState>
<isSurrogateKey>false</isSurrogateKey>
<indexColumnUsage>
<colUsage columnID="78B4CD5B-4425-5DFC-31C3-629B446C753B"/>
</indexColumnUsage>
</ind_PK_UK>
<ind_PK_UK id="3A88CCD6-1A02-D9BE-C3FF-30FB23CB5B1D" name="Municipio_Departamento_FK">
<createdBy>Eduardo Reyes</createdBy>
<createdTime>2024-04-23 14:45:41 UTC</createdTime>
<generatorID>65A09413-73EE-F6FA-7AD2-0FDD90C09145</generatorID>
<ownerDesignName>MODELOFINALMAGISTRAL</ownerDesignName>
<indexState>Foreign Key</indexState>
<isSurrogateKey>false</isSurrogateKey>
<indexColumnUsage>
<colUsage columnID="CEDB7E8D-CE4B-BAF3-DEA2-D4A0BA295BA5"/>
</indexColumnUsage>
</ind_PK_UK>
</indexes>
</Table>