<?xml version = '1.0' encoding = 'UTF-8'?>
<Table class="oracle.dbtools.crest.model.design.relational.Table" directorySegmentName="seg_0" id="C935B184-DC59-386A-D4AB-1FF8C7390CE0" name="NombreEleccion">
<createdBy>Eduardo Reyes</createdBy>
<createdTime>2024-04-23 14:45:41 UTC</createdTime>
<generatorID>D9E7A34B-16D7-26B4-612E-6F9E3374D8B5</generatorID>
<ownerDesignName>MODELOFINALMAGISTRAL</ownerDesignName>
<allowColumnReorder>false</allowColumnReorder>
<existDependencyGenerateInDDl>true</existDependencyGenerateInDDl>
<parsed>true</parsed>
<columns itemClass="oracle.dbtools.crest.model.design.relational.Column">
<Column name="IdNombreEleccion" id="BBC98A65-B5EC-7140-E1CB-0DBE16DE63B4">
<createdBy>Eduardo Reyes</createdBy>
<createdTime>2024-04-23 14:45:41 UTC</createdTime>
<generatorID>6F23DE13-24F1-9679-09B0-6E1D746BF9A3</generatorID>
<ownerDesignName>MODELOFINALMAGISTRAL</ownerDesignName>
<useDomainConstraints>false</useDomainConstraints>
<use>1</use>
<logicalDatatype>LOGDT011</logicalDatatype>
<ownDataTypeParameters>,,</ownDataTypeParameters>
<autoIncrementCycle>false</autoIncrementCycle>
</Column>
<Column name="nombre_Eleccion" id="2A25C505-C7DD-E8DD-2B10-867589E65116">
<createdBy>Eduardo Reyes</createdBy>
<createdTime>2024-04-23 14:45:41 UTC</createdTime>
<generatorID>684667D5-CFAE-CDA5-14A1-E68302BE2EA0</generatorID>
<ownerDesignName>MODELOFINALMAGISTRAL</ownerDesignName>
<useDomainConstraints>false</useDomainConstraints>
<use>1</use>
<logicalDatatype>LOGDT024</logicalDatatype>
<dataTypeSize>60</dataTypeSize>
<ownDataTypeParameters>60,,</ownDataTypeParameters>
<autoIncrementCycle>false</autoIncrementCycle>
</Column>
</columns>
<indexes itemClass="oracle.dbtools.crest.model.design.relational.Index">
<ind_PK_UK id="32ED6FBC-8D04-A8EC-1ECC-3F6C5468233E" name="NombreEleccion_PK">
<createdBy>Eduardo Reyes</createdBy>
<createdTime>2024-04-23 14:45:41 UTC</createdTime>
<generatorID>B38EA9F0-1C88-DE14-2BC8-17A1A107E63E</generatorID>
<ownerDesignName>MODELOFINALMAGISTRAL</ownerDesignName>
<pk>true</pk>
<indexState>Primary Constraint</indexState>
<isSurrogateKey>false</isSurrogateKey>
<indexColumnUsage>
<colUsage columnID="BBC98A65-B5EC-7140-E1CB-0DBE16DE63B4"/>
</indexColumnUsage>
</ind_PK_UK>
</indexes>
</Table>