<?xml version = '1.0' encoding = 'UTF-8'?>
<Diagram class="oracle.dbtools.crest.swingui.logical.DPVLogical" name="Logical" id="C6AD9FBB-096E-340B-401D-97DE6ED17214">
<createdBy>Eduardo Reyes</createdBy>
<modifiedBy>Eduardo Reyes</modifiedBy>
<createdTime>2024-04-18 18:33:25 UTC</createdTime>
<autoRoute>false</autoRoute>
<boxInbox>true</boxInbox>
<showLegend>false</showLegend>
<showLabels>false</showLabels>
<showRelAttributes>false</showRelAttributes>
<gridEnabled>false</gridEnabled>
<showGrid>false</showGrid>
<diagramColor>-1</diagramColor>
<display>false</display>
<notation>1</notation>
<objectViews>
<OView class="oracle.dbtools.crest.swingui.logical.TVEntity" oid="0127B729-D707-C2E0-8FE7-E4C45ABB7223" otype="Entity" vid="73756A5B-76BB-41A1-FBED-C0DB1DC2BFC9">
<hideElementsInCurrentOnly>false</hideElementsInCurrentOnly>
<bounds x="754" y="327" width="176" height="78"/>
</OView>
<OView class="oracle.dbtools.crest.swingui.logical.TVEntity" oid="2AF7210B-A7C5-9FF0-AEA7-B61295F2881D" otype="Entity" vid="FD2D6C02-B438-B6E2-C177-0A86B15C07E2">
<hideElementsInCurrentOnly>false</hideElementsInCurrentOnly>
<bounds x="43" y="170" width="170" height="91"/>
</OView>
<OView class="oracle.dbtools.crest.swingui.logical.TVEntity" oid="6E3D3D0A-A5F1-B63D-2C1F-2B3F2E8A7620" otype="Entity" vid="01007B92-A681-9401-6CBB-F3D9C4393A7C">
<hideElementsInCurrentOnly>false</hideElementsInCurrentOnly>
<bounds x="269" y="174" width="164" height="92"/>
</OView>
<OView class="oracle.dbtools.crest.swingui.logical.TVEntity" oid="D9E7A34B-16D7-26B4-612E-6F9E3374D8B5" otype="Entity" vid="05E8F34B-5E83-18E1-CC1F-082811BC87E9">
<hideElementsInCurrentOnly>false</hideElementsInCurrentOnly>
<bounds x="43" y="448" width="170" height="110"/>
</OView>
<OView class="oracle.dbtools.crest.swingui.logical.TVEntity" oid="DB26B2DD-EC14-80BC-B37B-580358095304" otype="Entity" vid="0F03A6D4-F97D-8BAD-FB96-76DA5F1830D3">
<hideElementsInCurrentOnly>false</hideElementsInCurrentOnly>
<bounds x="271" y="31" width="160" height="96"/>
</OView>
<OView class="oracle.dbtools.crest.swingui.logical.TVEntity" oid="E4FF1F72-876F-2197-29B6-5D2FE255C686" otype="Entity" vid="0477B8A5-6D09-0AD5-7EBA-D2EE70DE6C45">
<hideElementsInCurrentOnly>false</hideElementsInCurrentOnly>
<bounds x="48" y="305" width="164" height="83"/>
</OView>
<OView class="oracle.dbtools.crest.swingui.logical.TVEntity" oid="E5A24867-A1F9-442F-0D89-AACD38E2E19E" otype="Entity" vid="4B2339A2-EAAB-0DDD-8C82-BD37BE107762">
<hideElementsInCurrentOnly>false</hideElementsInCurrentOnly>
<bounds x="458" y="298" width="163" height="141"/>
</OView>
<OView class="oracle.dbtools.crest.swingui.logical.TVEntity" oid="F56A66E1-6515-C2F0-6CF9-A1A2B0096A1D" otype="Entity" vid="87E73434-7583-604D-A052-010D1AAD2E6E">
<hideElementsInCurrentOnly>false</hideElementsInCurrentOnly>
<bounds x="50" y="29" width="148" height="93"/>
</OView>
</objectViews>
<connectors>
<Connector class="oracle.dbtools.crest.swingui.logical.TVRelation" oid="0AF1AC71-CD0C-C825-8ED5-FCC76E2C43BB" otype="Relation" vid_source="05E8F34B-5E83-18E1-CC1F-082811BC87E9" vid_target="0477B8A5-6D09-0AD5-7EBA-D2EE70DE6C45">
<hideElementsInCurrentOnly>false</hideElementsInCurrentOnly>
<backgroundColor>-16777216</backgroundColor>
<lineWidth>1</lineWidth>
<points>
<point x="130" y="448"/>
<point x="130" y="388"/>
</points>
</Connector>
<Connector class="oracle.dbtools.crest.swingui.logical.TVRelation" oid="22A99B4B-07B3-E94C-8C5A-C90C830854E1" otype="Relation" vid_source="0F03A6D4-F97D-8BAD-FB96-76DA5F1830D3" vid_target="01007B92-A681-9401-6CBB-F3D9C4393A7C">
<hideElementsInCurrentOnly>false</hideElementsInCurrentOnly>
<backgroundColor>-16777216</backgroundColor>
<lineWidth>1</lineWidth>
<points>
<point x="366" y="127"/>
<point x="366" y="174"/>
</points>
</Connector>
<Connector class="oracle.dbtools.crest.swingui.logical.TVRelation" oid="441942F1-EB71-F0DA-D841-FBB3B60EDAF6" otype="Relation" vid_source="73756A5B-76BB-41A1-FBED-C0DB1DC2BFC9" vid_target="4B2339A2-EAAB-0DDD-8C82-BD37BE107762">
<hideElementsInCurrentOnly>false</hideElementsInCurrentOnly>
<backgroundColor>-16777216</backgroundColor>
<lineWidth>1</lineWidth>
<points>
<point x="754" y="336"/>
<point x="621" y="336"/>
</points>
</Connector>
<Connector class="oracle.dbtools.crest.swingui.logical.TVRelation" oid="65A09413-73EE-F6FA-7AD2-0FDD90C09145" otype="Relation" vid_source="01007B92-A681-9401-6CBB-F3D9C4393A7C" vid_target="FD2D6C02-B438-B6E2-C177-0A86B15C07E2">
<hideElementsInCurrentOnly>false</hideElementsInCurrentOnly>
<backgroundColor>-16777216</backgroundColor>
<lineWidth>1</lineWidth>
<points>
<point x="269" y="232"/>
<point x="213" y="232"/>
</points>
</Connector>
<Connector class="oracle.dbtools.crest.swingui.logical.TVRelation" oid="8B90F9F8-9A33-86BC-1A75-509BD1BC5E0A" otype="Relation" vid_source="FD2D6C02-B438-B6E2-C177-0A86B15C07E2" vid_target="0477B8A5-6D09-0AD5-7EBA-D2EE70DE6C45">
<hideElementsInCurrentOnly>false</hideElementsInCurrentOnly>
<backgroundColor>-16777216</backgroundColor>
<lineWidth>1</lineWidth>
<points>
<point x="130" y="261"/>
<point x="130" y="305"/>
</points>
</Connector>
<Connector class="oracle.dbtools.crest.swingui.logical.TVRelation" oid="98AC4B56-EEF6-F3C4-6308-905E4FD1CE8C" otype="Relation" vid_source="0477B8A5-6D09-0AD5-7EBA-D2EE70DE6C45" vid_target="4B2339A2-EAAB-0DDD-8C82-BD37BE107762">
<hideElementsInCurrentOnly>false</hideElementsInCurrentOnly>
<backgroundColor>-16777216</backgroundColor>
<lineWidth>1</lineWidth>
<points>
<point x="212" y="346"/>
<point x="458" y="346"/>
</points>
</Connector>
<Connector class="oracle.dbtools.crest.swingui.logical.TVRelation" oid="B45B43AF-7013-FA02-5F1A-A55399C8A0C1" otype="Relation" vid_source="87E73434-7583-604D-A052-010D1AAD2E6E" vid_target="0F03A6D4-F97D-8BAD-FB96-76DA5F1830D3">
<hideElementsInCurrentOnly>false</hideElementsInCurrentOnly>
<backgroundColor>-16777216</backgroundColor>
<lineWidth>1</lineWidth>
<points>
<point x="198" y="76"/>
<point x="271" y="76"/>
</points>
</Connector>
</connectors>
</Diagram>