<?xml version = '1.0' encoding = 'UTF-8'?>
<relationalModel class="oracle.dbtools.crest.model.design.relational.RelationalDesign" name="Relational_1" id="705E64AB-E1D5-C53D-8F5E-BE0202FF033E" mainViewID="B8D630AC-99A1-3DF3-99CB-C8830B19493F">
<createdBy>Eduardo Reyes</createdBy>
<createdTime>2024-04-18 18:31:47 UTC</createdTime>
<ownerDesignName>DISEÑOBASE</ownerDesignName>
<shouldBeOpen>true</shouldBeOpen>
<selectedRDBMSSite>32076570-2523-435C-2E92-BF29817DFF70</selectedRDBMSSite>
</relationalModel>