<?xml version = '1.0' encoding = 'UTF-8'?>
<FKIndexAssociation class="oracle.dbtools.crest.model.design.relational.FKIndexAssociation" directorySegmentName="seg_0" id="1386C1FD-300E-9BE2-0B42-F16E8A758583" containerWithKeyObject="455E0441-81A7-8562-DAD9-B7B2FD3767AC" localFKIndex="AB51F8A4-351E-5709-A30E-EC9505EFD501" name="Eleccion_Municipio_FK">
<createdBy>Eduardo Reyes</createdBy>
<createdTime>2024-04-23 14:45:41 UTC</createdTime>
<generatorID>8B90F9F8-9A33-86BC-1A75-509BD1BC5E0A</generatorID>
<ownerDesignName>MODELOFINALMAGISTRAL</ownerDesignName>
<referredTableLongName>Municipio</referredTableLongName>
<deleteRule>NO ACTION</deleteRule>
<referredTableID>A1A86ABB-1CBF-2CAA-A251-0588FE96510B</referredTableID>
<keyObject>44108A9C-B3F0-6027-5891-A91FB4948540</keyObject>
<referredKeyID>44108A9C-B3F0-6027-5891-A91FB4948540</referredKeyID>
<mandatory>true</mandatory>
<refColNames>IdMunicipio</refColNames>
<transferable>true</transferable>
<rely>false</rely>
<columnDependencyConstraintGenerateInDDL>true</columnDependencyConstraintGenerateInDDL>
</FKIndexAssociation>