<?xml version = '1.0' encoding = 'UTF-8'?>
<FKIndexAssociation class="oracle.dbtools.crest.model.design.relational.FKIndexAssociation" directorySegmentName="seg_0" id="36E054A5-6627-1889-A341-17D3E8B79EC7" containerWithKeyObject="66B0483A-24C7-EA15-B852-87C2DE21DB21" localFKIndex="16E35912-5664-4577-6AF0-55A1D9E2DA58" name="Departamento_Region_FK">
<createdBy>Eduardo Reyes</createdBy>
<createdTime>2024-04-23 14:45:41 UTC</createdTime>
<generatorID>22A99B4B-07B3-E94C-8C5A-C90C830854E1</generatorID>
<ownerDesignName>MODELOFINALMAGISTRAL</ownerDesignName>
<referredTableLongName>Region</referredTableLongName>
<deleteRule>NO ACTION</deleteRule>
<referredTableID>85B8F25E-D634-F64B-375D-B5BC3BC545D1</referredTableID>
<keyObject>811E6880-70F2-CABE-416C-4AC50698FAB4</keyObject>
<referredKeyID>811E6880-70F2-CABE-416C-4AC50698FAB4</referredKeyID>
<mandatory>true</mandatory>
<refColNames>IdRegion</refColNames>
<transferable>true</transferable>
<rely>false</rely>
<columnDependencyConstraintGenerateInDDL>true</columnDependencyConstraintGenerateInDDL>
</FKIndexAssociation>