<?xml version = '1.0' encoding = 'UTF-8'?>
<FKIndexAssociation class="oracle.dbtools.crest.model.design.relational.FKIndexAssociation" directorySegmentName="seg_0" id="6BD296C0-E94E-A337-BA4D-427FE7C42F9E" containerWithKeyObject="A1A86ABB-1CBF-2CAA-A251-0588FE96510B" localFKIndex="3A88CCD6-1A02-D9BE-C3FF-30FB23CB5B1D" name="Municipio_Departamento_FK">
<createdBy>Eduardo Reyes</createdBy>
<createdTime>2024-04-23 14:45:41 UTC</createdTime>
<generatorID>65A09413-73EE-F6FA-7AD2-0FDD90C09145</generatorID>
<ownerDesignName>MODELOFINALMAGISTRAL</ownerDesignName>
<referredTableLongName>Departamento</referredTableLongName>
<deleteRule>NO ACTION</deleteRule>
<referredTableID>66B0483A-24C7-EA15-B852-87C2DE21DB21</referredTableID>
<keyObject>B63EE30B-F76E-893B-DBCB-91D595EA59EF</keyObject>
<referredKeyID>B63EE30B-F76E-893B-DBCB-91D595EA59EF</referredKeyID>
<mandatory>true</mandatory>
<refColNames>IdDepartamento</refColNames>
<transferable>true</transferable>
<rely>false</rely>
<columnDependencyConstraintGenerateInDDL>true</columnDependencyConstraintGenerateInDDL>
</FKIndexAssociation>