<?xml version = '1.0' encoding = 'UTF-8'?>
<FKIndexAssociation class="oracle.dbtools.crest.model.design.relational.FKIndexAssociation" directorySegmentName="seg_0" id="6E734727-56F1-4198-98A5-3A604A5C58E9" containerWithKeyObject="7F49A274-644A-3F79-2F35-C7122BF4B25F" localFKIndex="FA1176D1-8952-84B9-8909-306179482DE6" name="Resultados_PartidoPolitico_FK">
<createdBy>Eduardo Reyes</createdBy>
<createdTime>2024-04-23 14:45:41 UTC</createdTime>
<generatorID>441942F1-EB71-F0DA-D841-FBB3B60EDAF6</generatorID>
<ownerDesignName>MODELOFINALMAGISTRAL</ownerDesignName>
<referredTableLongName>PartidoPolitico</referredTableLongName>
<deleteRule>NO ACTION</deleteRule>
<referredTableID>5CB33964-38DF-F925-844E-9B04D6371302</referredTableID>
<keyObject>D6DD3B5C-6D4B-C10D-930E-463BBF602B87</keyObject>
<referredKeyID>D6DD3B5C-6D4B-C10D-930E-463BBF602B87</referredKeyID>
<mandatory>true</mandatory>
<refColNames>IdPartido</refColNames>
<transferable>true</transferable>
<rely>false</rely>
<columnDependencyConstraintGenerateInDDL>true</columnDependencyConstraintGenerateInDDL>
</FKIndexAssociation>