<?xml version = '1.0' encoding = 'UTF-8'?>
<FKIndexAssociation class="oracle.dbtools.crest.model.design.relational.FKIndexAssociation" directorySegmentName="seg_0" id="BB26A31B-895B-4620-0C0E-54BA33C78D54" containerWithKeyObject="455E0441-81A7-8562-DAD9-B7B2FD3767AC" localFKIndex="A9E8D08E-AA78-C937-211D-33E4731AD9D3" name="Eleccion_NombreEleccion_FK">
<createdBy>Eduardo Reyes</createdBy>
<createdTime>2024-04-23 14:45:41 UTC</createdTime>
<generatorID>0AF1AC71-CD0C-C825-8ED5-FCC76E2C43BB</generatorID>
<ownerDesignName>MODELOFINALMAGISTRAL</ownerDesignName>
<referredTableLongName>NombreEleccion</referredTableLongName>
<deleteRule>NO ACTION</deleteRule>
<referredTableID>C935B184-DC59-386A-D4AB-1FF8C7390CE0</referredTableID>
<keyObject>32ED6FBC-8D04-A8EC-1ECC-3F6C5468233E</keyObject>
<referredKeyID>32ED6FBC-8D04-A8EC-1ECC-3F6C5468233E</referredKeyID>
<mandatory>true</mandatory>
<refColNames>IdNombreEleccion</refColNames>
<transferable>true</transferable>
<rely>false</rely>
<columnDependencyConstraintGenerateInDDL>true</columnDependencyConstraintGenerateInDDL>
</FKIndexAssociation>