<?xml version = '1.0' encoding = 'UTF-8'?>
<FKIndexAssociation class="oracle.dbtools.crest.model.design.relational.FKIndexAssociation" directorySegmentName="seg_0" id="DA8E81BA-D084-55A2-D3CE-EDEC7D71F02A" containerWithKeyObject="85B8F25E-D634-F64B-375D-B5BC3BC545D1" localFKIndex="00949EDC-44B3-C4BD-B602-5BDC1F91981C" name="Region_Pais_FK">
<createdBy>Eduardo Reyes</createdBy>
<createdTime>2024-04-23 14:45:41 UTC</createdTime>
<generatorID>B45B43AF-7013-FA02-5F1A-A55399C8A0C1</generatorID>
<ownerDesignName>MODELOFINALMAGISTRAL</ownerDesignName>
<referredTableLongName>Pais</referredTableLongName>
<deleteRule>NO ACTION</deleteRule>
<referredTableID>7984CDE8-6D92-9600-6311-9EA4ED2ACD4B</referredTableID>
<keyObject>D12F0757-5376-08BC-6DDD-2374A122AD1D</keyObject>
<referredKeyID>D12F0757-5376-08BC-6DDD-2374A122AD1D</referredKeyID>
<mandatory>true</mandatory>
<refColNames>IdPais</refColNames>
<transferable>true</transferable>
<rely>false</rely>
<columnDependencyConstraintGenerateInDDL>true</columnDependencyConstraintGenerateInDDL>
</FKIndexAssociation>