<?xml version = '1.0' encoding = 'UTF-8'?>
<FKIndexAssociation class="oracle.dbtools.crest.model.design.relational.FKIndexAssociation" directorySegmentName="seg_0" id="EB60A510-AC9C-16B5-78C5-4B149A27DEAE" containerWithKeyObject="7F49A274-644A-3F79-2F35-C7122BF4B25F" localFKIndex="F502EBA4-52D3-E59C-DC0F-DC78ED965593" name="Resultados_Eleccion_FK">
<createdBy>Eduardo Reyes</createdBy>
<createdTime>2024-04-23 14:45:41 UTC</createdTime>
<generatorID>98AC4B56-EEF6-F3C4-6308-905E4FD1CE8C</generatorID>
<ownerDesignName>MODELOFINALMAGISTRAL</ownerDesignName>
<referredTableLongName>Eleccion</referredTableLongName>
<deleteRule>NO ACTION</deleteRule>
<referredTableID>455E0441-81A7-8562-DAD9-B7B2FD3767AC</referredTableID>
<keyObject>0B33F8C4-E3A2-89F7-D12D-B89690AB839D</keyObject>
<referredKeyID>0B33F8C4-E3A2-89F7-D12D-B89690AB839D</referredKeyID>
<mandatory>true</mandatory>
<refColNames>IdEleccion</refColNames>
<transferable>true</transferable>
<rely>false</rely>
<columnDependencyConstraintGenerateInDDL>true</columnDependencyConstraintGenerateInDDL>
</FKIndexAssociation>