<?xml version = '1.0' encoding = 'UTF-8'?>
<Diagram class="oracle.dbtools.crest.swingui.relational.DPVRelational" name="Relational_1" id="B8D630AC-99A1-3DF3-99CB-C8830B19493F">
<createdBy>Eduardo Reyes</createdBy>
<modifiedBy>Eduardo Reyes</modifiedBy>
<createdTime>2024-04-18 19:12:05 UTC</createdTime>
<autoRoute>false</autoRoute>
<boxInbox>true</boxInbox>
<showLegend>false</showLegend>
<showLabels>false</showLabels>
<showRelAttributes>false</showRelAttributes>
<gridEnabled>false</gridEnabled>
<showGrid>false</showGrid>
<diagramColor>-1</diagramColor>
<display>false</display>
<notation>1</notation>
<objectViews>
<OView class="oracle.dbtools.crest.swingui.relational.TVTable" oid="455E0441-81A7-8562-DAD9-B7B2FD3767AC" otype="Table" vid="4A947B29-781C-65C2-0091-4DC1CE9A7C99">
<hideElementsInCurrentOnly>false</hideElementsInCurrentOnly>
<bounds x="48" y="305" width="164" height="83"/>
</OView>
<OView class="oracle.dbtools.crest.swingui.relational.TVTable" oid="5CB33964-38DF-F925-844E-9B04D6371302" otype="Table" vid="F5FAF053-024F-2767-AE76-21269DE7C8C1">
<hideElementsInCurrentOnly>false</hideElementsInCurrentOnly>
<bounds x="754" y="327" width="176" height="78"/>
</OView>
<OView class="oracle.dbtools.crest.swingui.relational.TVTable" oid="66B0483A-24C7-EA15-B852-87C2DE21DB21" otype="Table" vid="0BD839B9-DDB2-F36E-5629-4D395DE56393">
<hideElementsInCurrentOnly>false</hideElementsInCurrentOnly>
<bounds x="269" y="174" width="164" height="92"/>
</OView>
<OView class="oracle.dbtools.crest.swingui.relational.TVTable" oid="7984CDE8-6D92-9600-6311-9EA4ED2ACD4B" otype="Table" vid="D079CFC5-9CF0-0B78-8209-B15FF75BC8E5">
<hideElementsInCurrentOnly>false</hideElementsInCurrentOnly>
<bounds x="50" y="29" width="148" height="93"/>
</OView>
<OView class="oracle.dbtools.crest.swingui.relational.TVTable" oid="7F49A274-644A-3F79-2F35-C7122BF4B25F" otype="Table" vid="6EA5175C-4BE2-79CF-E260-7E5ECDF202D9">
<hideElementsInCurrentOnly>false</hideElementsInCurrentOnly>
<bounds x="458" y="298" width="163" height="141"/>
</OView>
<OView class="oracle.dbtools.crest.swingui.relational.TVTable" oid="85B8F25E-D634-F64B-375D-B5BC3BC545D1" otype="Table" vid="DE84DBF9-8D71-6FAB-BB5D-A4761E0DD5D4">
<hideElementsInCurrentOnly>false</hideElementsInCurrentOnly>
<bounds x="271" y="31" width="160" height="96"/>
</OView>
<OView class="oracle.dbtools.crest.swingui.relational.TVTable" oid="A1A86ABB-1CBF-2CAA-A251-0588FE96510B" otype="Table" vid="9D94C0AA-B2DF-61FF-8E4C-7F73792C6DEF">
<hideElementsInCurrentOnly>false</hideElementsInCurrentOnly>
<bounds x="43" y="170" width="170" height="91"/>
</OView>
<OView class="oracle.dbtools.crest.swingui.relational.TVTable" oid="C935B184-DC59-386A-D4AB-1FF8C7390CE0" otype="Table" vid="05E275D0-2679-EC64-628D-E48F058ECBAB">
<hideElementsInCurrentOnly>false</hideElementsInCurrentOnly>
<bounds x="43" y="448" width="170" height="110"/>
</OView>
</objectViews>
<connectors>
<Connector class="oracle.dbtools.crest.swingui.relational.TVFKRelation" oid="1386C1FD-300E-9BE2-0B42-F16E8A758583" otype="FKIndexAssociation" vid_source="9D94C0AA-B2DF-61FF-8E4C-7F73792C6DEF" vid_target="4A947B29-781C-65C2-0091-4DC1CE9A7C99">
<hideElementsInCurrentOnly>false</hideElementsInCurrentOnly>
<backgroundColor>-16777216</backgroundColor>
<lineWidth>1</lineWidth>
<points>
<point x="130" y="261"/>
<point x="130" y="305"/>
</points>
</Connector>
<Connector class="oracle.dbtools.crest.swingui.relational.TVFKRelation" oid="36E054A5-6627-1889-A341-17D3E8B79EC7" otype="FKIndexAssociation" vid_source="DE84DBF9-8D71-6FAB-BB5D-A4761E0DD5D4" vid_target="0BD839B9-DDB2-F36E-5629-4D395DE56393">
<hideElementsInCurrentOnly>false</hideElementsInCurrentOnly>
<backgroundColor>-16777216</backgroundColor>
<lineWidth>1</lineWidth>
<points>
<point x="366" y="127"/>
<point x="366" y="174"/>
</points>
</Connector>
<Connector class="oracle.dbtools.crest.swingui.relational.TVFKRelation" oid="6BD296C0-E94E-A337-BA4D-427FE7C42F9E" otype="FKIndexAssociation" vid_source="0BD839B9-DDB2-F36E-5629-4D395DE56393" vid_target="9D94C0AA-B2DF-61FF-8E4C-7F73792C6DEF">
<hideElementsInCurrentOnly>false</hideElementsInCurrentOnly>
<backgroundColor>-16777216</backgroundColor>
<lineWidth>1</lineWidth>
<points>
<point x="269" y="232"/>
<point x="213" y="232"/>
</points>
</Connector>
<Connector class="oracle.dbtools.crest.swingui.relational.TVFKRelation" oid="6E734727-56F1-4198-98A5-3A604A5C58E9" otype="FKIndexAssociation" vid_source="F5FAF053-024F-2767-AE76-21269DE7C8C1" vid_target="6EA5175C-4BE2-79CF-E260-7E5ECDF202D9">
<hideElementsInCurrentOnly>false</hideElementsInCurrentOnly>
<backgroundColor>-16777216</backgroundColor>
<lineWidth>1</lineWidth>
<points>
<point x="754" y="336"/>
<point x="621" y="336"/>
</points>
</Connector>
<Connector class="oracle.dbtools.crest.swingui.relational.TVFKRelation" oid="BB26A31B-895B-4620-0C0E-54BA33C78D54" otype="FKIndexAssociation" vid_source="05E275D0-2679-EC64-628D-E48F058ECBAB" vid_target="4A947B29-781C-65C2-0091-4DC1CE9A7C99">
<hideElementsInCurrentOnly>false</hideElementsInCurrentOnly>
<backgroundColor>-16777216</backgroundColor>
<lineWidth>1</lineWidth>
<points>
<point x="130" y="448"/>
<point x="130" y="388"/>
</points>
</Connector>
<Connector class="oracle.dbtools.crest.swingui.relational.TVFKRelation" oid="DA8E81BA-D084-55A2-D3CE-EDEC7D71F02A" otype="FKIndexAssociation" vid_source="D079CFC5-9CF0-0B78-8209-B15FF75BC8E5" vid_target="DE84DBF9-8D71-6FAB-BB5D-A4761E0DD5D4">
<hideElementsInCurrentOnly>false</hideElementsInCurrentOnly>
<backgroundColor>-16777216</backgroundColor>
<lineWidth>1</lineWidth>
<points>
<point x="198" y="76"/>
<point x="271" y="76"/>
</points>
</Connector>
<Connector class="oracle.dbtools.crest.swingui.relational.TVFKRelation" oid="EB60A510-AC9C-16B5-78C5-4B149A27DEAE" otype="FKIndexAssociation" vid_source="4A947B29-781C-65C2-0091-4DC1CE9A7C99" vid_target="6EA5175C-4BE2-79CF-E260-7E5ECDF202D9">
<hideElementsInCurrentOnly>false</hideElementsInCurrentOnly>
<backgroundColor>-16777216</backgroundColor>
<lineWidth>1</lineWidth>
<points>
<point x="212" y="346"/>
<point x="458" y="346"/>
</points>
</Connector>
</connectors>
</Diagram>