<?xml version = '1.0' encoding = 'UTF-8'?>
<Relation class="oracle.dbtools.crest.model.design.logical.Relation" name="Relation_8" directorySegmentName="seg_0" id="0AF1AC71-CD0C-C825-8ED5-FCC76E2C43BB">
<createdBy>Eduardo Reyes</createdBy>
<createdTime>2024-04-19 23:09:34 UTC</createdTime>
<ownerDesignName>MODELOFINALMAGISTRAL</ownerDesignName>
<engineerTo>
<item key="705E64AB-E1D5-C53D-8F5E-BE0202FF033E" value="true"/>
</engineerTo>
<sourcePk>B38EA9F0-1C88-DE14-2BC8-17A1A107E63E</sourcePk>
<identifying>false</identifying>
<optionalSource>true</optionalSource>
<optionalTarget>false</optionalTarget>
<sourceCardinality>1</sourceCardinality>
<sourceEntity>D9E7A34B-16D7-26B4-612E-6F9E3374D8B5</sourceEntity>
<targetCardinalityString>*</targetCardinalityString>
<targetEntity>E4FF1F72-876F-2197-29B6-5D2FE255C686</targetEntity>
<transferable>true</transferable>
<deleteRule>NO ACTION</deleteRule>
</Relation>