<?xml version = '1.0' encoding = 'UTF-8'?>
<Relation class="oracle.dbtools.crest.model.design.logical.Relation" name="Relation_13" directorySegmentName="seg_0" id="22A99B4B-07B3-E94C-8C5A-C90C830854E1">
<createdBy>Eduardo Reyes</createdBy>
<createdTime>2024-04-19 18:18:59 UTC</createdTime>
<ownerDesignName>MODELOFINALMAGISTRAL</ownerDesignName>
<engineerTo>
<item key="705E64AB-E1D5-C53D-8F5E-BE0202FF033E" value="true"/>
</engineerTo>
<sourcePk>A61ADB85-E7E0-ECB2-D563-92F038055713</sourcePk>
<identifying>false</identifying>
<optionalSource>true</optionalSource>
<optionalTarget>false</optionalTarget>
<sourceCardinality>1</sourceCardinality>
<sourceEntity>DB26B2DD-EC14-80BC-B37B-580358095304</sourceEntity>
<targetCardinalityString>*</targetCardinalityString>
<targetEntity>6E3D3D0A-A5F1-B63D-2C1F-2B3F2E8A7620</targetEntity>
<transferable>true</transferable>
<deleteRule>NO ACTION</deleteRule>
</Relation>