<?xml version = '1.0' encoding = 'UTF-8'?>
<Relation class="oracle.dbtools.crest.model.design.logical.Relation" name="Relation_19" directorySegmentName="seg_0" id="441942F1-EB71-F0DA-D841-FBB3B60EDAF6">
<createdBy>Eduardo Reyes</createdBy>
<createdTime>2024-04-23 00:01:15 UTC</createdTime>
<ownerDesignName>MODELOFINALMAGISTRAL</ownerDesignName>
<engineerTo>
<item key="705E64AB-E1D5-C53D-8F5E-BE0202FF033E" value="true"/>
</engineerTo>
<sourcePk>B78FB07A-F52F-6652-80EC-E10DE343B8C9</sourcePk>
<identifying>false</identifying>
<optionalSource>true</optionalSource>
<optionalTarget>false</optionalTarget>
<sourceCardinality>1</sourceCardinality>
<sourceEntity>0127B729-D707-C2E0-8FE7-E4C45ABB7223</sourceEntity>
<targetCardinalityString>*</targetCardinalityString>
<targetEntity>E5A24867-A1F9-442F-0D89-AACD38E2E19E</targetEntity>
<transferable>true</transferable>
<deleteRule>NO ACTION</deleteRule>
</Relation>