<?xml version = '1.0' encoding = 'UTF-8'?>
<Relation class="oracle.dbtools.crest.model.design.logical.Relation" name="Relation_14" directorySegmentName="seg_0" id="65A09413-73EE-F6FA-7AD2-0FDD90C09145">
<createdBy>Eduardo Reyes</createdBy>
<createdTime>2024-04-19 18:19:15 UTC</createdTime>
<ownerDesignName>MODELOFINALMAGISTRAL</ownerDesignName>
<engineerTo>
<item key="705E64AB-E1D5-C53D-8F5E-BE0202FF033E" value="true"/>
</engineerTo>
<sourcePk>FD9C531E-7598-0220-87E9-2F1E5044AEB1</sourcePk>
<identifying>false</identifying>
<optionalSource>true</optionalSource>
<optionalTarget>false</optionalTarget>
<sourceCardinality>1</sourceCardinality>
<sourceEntity>6E3D3D0A-A5F1-B63D-2C1F-2B3F2E8A7620</sourceEntity>
<targetCardinalityString>*</targetCardinalityString>
<targetEntity>2AF7210B-A7C5-9FF0-AEA7-B61295F2881D</targetEntity>
<transferable>true</transferable>
<deleteRule>NO ACTION</deleteRule>
</Relation>