<?xml version = '1.0' encoding = 'UTF-8'?>
<Relation class="oracle.dbtools.crest.model.design.logical.Relation" name="Relation_7" directorySegmentName="seg_0" id="8B90F9F8-9A33-86BC-1A75-509BD1BC5E0A">
<createdBy>Eduardo Reyes</createdBy>
<createdTime>2024-04-18 19:13:41 UTC</createdTime>
<ownerDesignName>MODELOFINALMAGISTRAL</ownerDesignName>
<engineerTo>
<item key="705E64AB-E1D5-C53D-8F5E-BE0202FF033E" value="true"/>
</engineerTo>
<sourcePk>534BCB79-0889-5964-9EE9-15E9989E08D8</sourcePk>
<identifying>false</identifying>
<optionalSource>true</optionalSource>
<optionalTarget>false</optionalTarget>
<sourceCardinality>1</sourceCardinality>
<sourceEntity>2AF7210B-A7C5-9FF0-AEA7-B61295F2881D</sourceEntity>
<targetCardinalityString>*</targetCardinalityString>
<targetEntity>E4FF1F72-876F-2197-29B6-5D2FE255C686</targetEntity>
<transferable>true</transferable>
<deleteRule>NO ACTION</deleteRule>
</Relation>