<?xml version = '1.0' encoding = 'UTF-8'?>
<Relation class="oracle.dbtools.crest.model.design.logical.Relation" name="Relation_10" directorySegmentName="seg_0" id="98AC4B56-EEF6-F3C4-6308-905E4FD1CE8C">
<createdBy>Eduardo Reyes</createdBy>
<createdTime>2024-04-23 01:17:37 UTC</createdTime>
<ownerDesignName>MODELOFINALMAGISTRAL</ownerDesignName>
<engineerTo>
<item key="705E64AB-E1D5-C53D-8F5E-BE0202FF033E" value="true"/>
</engineerTo>
<sourcePk>01E306C5-9B04-481A-A6EF-5DA7F47B71E6</sourcePk>
<identifying>false</identifying>
<optionalSource>true</optionalSource>
<optionalTarget>false</optionalTarget>
<sourceCardinality>1</sourceCardinality>
<sourceEntity>E4FF1F72-876F-2197-29B6-5D2FE255C686</sourceEntity>
<targetCardinalityString>*</targetCardinalityString>
<targetEntity>E5A24867-A1F9-442F-0D89-AACD38E2E19E</targetEntity>
<transferable>true</transferable>
<deleteRule>NO ACTION</deleteRule>
</Relation>