<?xml version = '1.0' encoding = 'UTF-8'?>
<Relation class="oracle.dbtools.crest.model.design.logical.Relation" name="Relation_12" directorySegmentName="seg_0" id="B45B43AF-7013-FA02-5F1A-A55399C8A0C1">
<createdBy>Eduardo Reyes</createdBy>
<createdTime>2024-04-19 18:18:35 UTC</createdTime>
<ownerDesignName>MODELOFINALMAGISTRAL</ownerDesignName>
<engineerTo>
<item key="705E64AB-E1D5-C53D-8F5E-BE0202FF033E" value="true"/>
</engineerTo>
<sourcePk>2315BE48-140F-7CB7-E784-6DD6B4FA97A4</sourcePk>
<identifying>false</identifying>
<optionalSource>true</optionalSource>
<optionalTarget>false</optionalTarget>
<sourceCardinality>1</sourceCardinality>
<sourceEntity>F56A66E1-6515-C2F0-6CF9-A1A2B0096A1D</sourceEntity>
<targetCardinalityString>*</targetCardinalityString>
<targetEntity>DB26B2DD-EC14-80BC-B37B-580358095304</targetEntity>
<transferable>true</transferable>
<deleteRule>NO ACTION</deleteRule>
</Relation>