<?xml version = '1.0' encoding = 'UTF-8'?>
<Entity class="oracle.dbtools.crest.model.design.logical.Entity" directorySegmentName="seg_0" id="0127B729-D707-C2E0-8FE7-E4C45ABB7223" name="PartidoPolitico">
<createdBy>Eduardo Reyes</createdBy>
<createdTime>2024-04-18 18:45:10 UTC</createdTime>
<ownerDesignName>MODELOFINALMAGISTRAL</ownerDesignName>
<engineerTo>
<item key="705E64AB-E1D5-C53D-8F5E-BE0202FF033E" value="true"/>
</engineerTo>
<adequatelyNormalized>NO</adequatelyNormalized>
<expectedVolumes>0</expectedVolumes>
<fwdEngineeringStrategyName>Single Table</fwdEngineeringStrategyName>
<growthPercent>0</growthPercent>
<growthType>Year</growthType>
<maxVolumes>9999999</maxVolumes>
<minVolumes>0</minVolumes>
<normalForm>Third</normalForm>
<attributes itemClass="oracle.dbtools.crest.model.design.logical.Attribute">
<Attribute name="IdPartido" id="2908FFAB-6301-5610-798D-B4ABF2D9D693">
<createdBy>Eduardo Reyes</createdBy>
<createdTime>2024-04-18 18:45:21 UTC</createdTime>
<ownerDesignName>MODELOFINALMAGISTRAL</ownerDesignName>
<engineerTo>
<item key="705E64AB-E1D5-C53D-8F5E-BE0202FF033E" value="true"/>
</engineerTo>
<useDomainConstraints>false</useDomainConstraints>
<use>1</use>
<logicalDatatype>LOGDT024</logicalDatatype>
<dataTypeSize>30</dataTypeSize>
<ownDataTypeParameters>30,,</ownDataTypeParameters>
</Attribute>
<Attribute name="NombrePartido" id="959913E0-EF69-08B7-F9A7-898D5830076B">
<createdBy>Eduardo Reyes</createdBy>
<createdTime>2024-04-18 18:45:28 UTC</createdTime>
<ownerDesignName>MODELOFINALMAGISTRAL</ownerDesignName>
<engineerTo>
<item key="705E64AB-E1D5-C53D-8F5E-BE0202FF033E" value="true"/>
</engineerTo>
<useDomainConstraints>false</useDomainConstraints>
<use>1</use>
<logicalDatatype>LOGDT024</logicalDatatype>
<dataTypeSize>60</dataTypeSize>
<ownDataTypeParameters>60,,</ownDataTypeParameters>
</Attribute>
</attributes>
<identifiers itemClass="oracle.dbtools.crest.model.design.logical.CandidateKey">
<identifier id="B78FB07A-F52F-6652-80EC-E10DE343B8C9" name="PartidoPolitico PK">
<createdBy>Eduardo Reyes</createdBy>
<createdTime>2024-04-18 19:16:51 UTC</createdTime>
<ownerDesignName>MODELOFINALMAGISTRAL</ownerDesignName>
<engineerTo>
<item key="705E64AB-E1D5-C53D-8F5E-BE0202FF033E" value="true"/>
</engineerTo>
<pk>true</pk>
<usedAttributes>
<attributeRef>2908FFAB-6301-5610-798D-B4ABF2D9D693</attributeRef>
</usedAttributes>
</identifier>
</identifiers>
</Entity>