<?xml version = '1.0' encoding = 'UTF-8'?>
<Entity class="oracle.dbtools.crest.model.design.logical.Entity" directorySegmentName="seg_0" id="2AF7210B-A7C5-9FF0-AEA7-B61295F2881D" name="Municipio">
<createdBy>Eduardo Reyes</createdBy>
<createdTime>2024-04-18 18:39:20 UTC</createdTime>
<ownerDesignName>MODELOFINALMAGISTRAL</ownerDesignName>
<engineerTo>
<item key="705E64AB-E1D5-C53D-8F5E-BE0202FF033E" value="true"/>
</engineerTo>
<adequatelyNormalized>NO</adequatelyNormalized>
<expectedVolumes>0</expectedVolumes>
<fwdEngineeringStrategyName>Single Table</fwdEngineeringStrategyName>
<growthPercent>0</growthPercent>
<growthType>Year</growthType>
<maxVolumes>9999999</maxVolumes>
<minVolumes>0</minVolumes>
<normalForm>Third</normalForm>
<attributes itemClass="oracle.dbtools.crest.model.design.logical.Attribute">
<Attribute name="IdMunicipio" id="577A1EE3-40C4-DCBA-ABD1-77B005BF31B5">
<createdBy>Eduardo Reyes</createdBy>
<createdTime>2024-04-18 18:39:30 UTC</createdTime>
<ownerDesignName>MODELOFINALMAGISTRAL</ownerDesignName>
<engineerTo>
<item key="705E64AB-E1D5-C53D-8F5E-BE0202FF033E" value="true"/>
</engineerTo>
<useDomainConstraints>false</useDomainConstraints>
<use>1</use>
<logicalDatatype>LOGDT011</logicalDatatype>
<ownDataTypeParameters>,,</ownDataTypeParameters>
</Attribute>
<Attribute name="IdDepartamento" id="68616623-F524-3B6C-4037-944CF299F1F2">
<createdBy>Eduardo Reyes</createdBy>
<createdTime>2024-04-19 18:19:15 UTC</createdTime>
<generatorID>65A09413-73EE-F6FA-7AD2-0FDD90C09145</generatorID>
<ownerDesignName>MODELOFINALMAGISTRAL</ownerDesignName>
<engineerTo>
<item key="705E64AB-E1D5-C53D-8F5E-BE0202FF033E" value="true"/>
</engineerTo>
<referedAttribute>5317A2C8-6347-6EAD-E0DA-B598F8FBC213</referedAttribute>
<useDomainConstraints>false</useDomainConstraints>
<use>1</use>
<logicalDatatype>LOGDT011</logicalDatatype>
<ownDataTypeParameters>,,</ownDataTypeParameters>
</Attribute>
<Attribute name="NombreMunicipio" id="E2F8D1A6-3B6B-C716-ACCE-8C49C423978F">
<createdBy>Eduardo Reyes</createdBy>
<createdTime>2024-04-18 18:39:40 UTC</createdTime>
<ownerDesignName>MODELOFINALMAGISTRAL</ownerDesignName>
<engineerTo>
<item key="705E64AB-E1D5-C53D-8F5E-BE0202FF033E" value="true"/>
</engineerTo>
<useDomainConstraints>false</useDomainConstraints>
<use>1</use>
<logicalDatatype>LOGDT024</logicalDatatype>
<dataTypeSize>60</dataTypeSize>
<ownDataTypeParameters>60,,</ownDataTypeParameters>
</Attribute>
</attributes>
<identifiers itemClass="oracle.dbtools.crest.model.design.logical.CandidateKey">
<identifier id="534BCB79-0889-5964-9EE9-15E9989E08D8" name="Municipio PK">
<createdBy>Eduardo Reyes</createdBy>
<createdTime>2024-04-18 19:12:20 UTC</createdTime>
<ownerDesignName>MODELOFINALMAGISTRAL</ownerDesignName>
<engineerTo>
<item key="705E64AB-E1D5-C53D-8F5E-BE0202FF033E" value="true"/>
</engineerTo>
<pk>true</pk>
<usedAttributes>
<attributeRef>577A1EE3-40C4-DCBA-ABD1-77B005BF31B5</attributeRef>
</usedAttributes>
</identifier>
</identifiers>
</Entity>