<?xml version = '1.0' encoding = 'UTF-8'?>
<Entity class="oracle.dbtools.crest.model.design.logical.Entity" directorySegmentName="seg_0" id="6E3D3D0A-A5F1-B63D-2C1F-2B3F2E8A7620" name="Departamento">
<createdBy>Eduardo Reyes</createdBy>
<createdTime>2024-04-18 18:38:42 UTC</createdTime>
<ownerDesignName>MODELOFINALMAGISTRAL</ownerDesignName>
<engineerTo>
<item key="705E64AB-E1D5-C53D-8F5E-BE0202FF033E" value="true"/>
</engineerTo>
<adequatelyNormalized>NO</adequatelyNormalized>
<expectedVolumes>0</expectedVolumes>
<fwdEngineeringStrategyName>Single Table</fwdEngineeringStrategyName>
<growthPercent>0</growthPercent>
<growthType>Year</growthType>
<maxVolumes>9999999</maxVolumes>
<minVolumes>0</minVolumes>
<normalForm>Third</normalForm>
<attributes itemClass="oracle.dbtools.crest.model.design.logical.Attribute">
<Attribute name="IdDepartamento" id="5317A2C8-6347-6EAD-E0DA-B598F8FBC213">
<createdBy>Eduardo Reyes</createdBy>
<createdTime>2024-04-18 18:38:49 UTC</createdTime>
<ownerDesignName>MODELOFINALMAGISTRAL</ownerDesignName>
<engineerTo>
<item key="705E64AB-E1D5-C53D-8F5E-BE0202FF033E" value="true"/>
</engineerTo>
<useDomainConstraints>false</useDomainConstraints>
<use>1</use>
<logicalDatatype>LOGDT011</logicalDatatype>
<ownDataTypeParameters>,,</ownDataTypeParameters>
</Attribute>
<Attribute name="IdRegion" id="21DEA81F-55FD-4670-BFB8-855005378854">
<createdBy>Eduardo Reyes</createdBy>
<createdTime>2024-04-19 18:18:59 UTC</createdTime>
<generatorID>22A99B4B-07B3-E94C-8C5A-C90C830854E1</generatorID>
<ownerDesignName>MODELOFINALMAGISTRAL</ownerDesignName>
<engineerTo>
<item key="705E64AB-E1D5-C53D-8F5E-BE0202FF033E" value="true"/>
</engineerTo>
<referedAttribute>EEFB8E52-C390-CC55-8DC4-68750139E010</referedAttribute>
<useDomainConstraints>false</useDomainConstraints>
<use>1</use>
<logicalDatatype>LOGDT011</logicalDatatype>
<ownDataTypeParameters>,,</ownDataTypeParameters>
</Attribute>
<Attribute name="NombreDepartamento" id="5E086A18-2167-B7CA-3965-C27E1678DEDD">
<createdBy>Eduardo Reyes</createdBy>
<createdTime>2024-04-18 18:38:58 UTC</createdTime>
<ownerDesignName>MODELOFINALMAGISTRAL</ownerDesignName>
<engineerTo>
<item key="705E64AB-E1D5-C53D-8F5E-BE0202FF033E" value="true"/>
</engineerTo>
<useDomainConstraints>false</useDomainConstraints>
<use>1</use>
<logicalDatatype>LOGDT024</logicalDatatype>
<dataTypeSize>60</dataTypeSize>
<ownDataTypeParameters>60,,</ownDataTypeParameters>
</Attribute>
</attributes>
<identifiers itemClass="oracle.dbtools.crest.model.design.logical.CandidateKey">
<identifier id="FD9C531E-7598-0220-87E9-2F1E5044AEB1" name="Deptaramento PK">
<createdBy>Eduardo Reyes</createdBy>
<createdTime>2024-04-18 19:12:16 UTC</createdTime>
<ownerDesignName>MODELOFINALMAGISTRAL</ownerDesignName>
<engineerTo>
<item key="705E64AB-E1D5-C53D-8F5E-BE0202FF033E" value="true"/>
</engineerTo>
<pk>true</pk>
<usedAttributes>
<attributeRef>5317A2C8-6347-6EAD-E0DA-B598F8FBC213</attributeRef>
</usedAttributes>
</identifier>
</identifiers>
</Entity>