<?xml version = '1.0' encoding = 'UTF-8'?>
<Entity class="oracle.dbtools.crest.model.design.logical.Entity" directorySegmentName="seg_0" id="D9E7A34B-16D7-26B4-612E-6F9E3374D8B5" name="NombreEleccion">
<createdBy>Eduardo Reyes</createdBy>
<createdTime>2024-04-19 23:08:41 UTC</createdTime>
<ownerDesignName>MODELOFINALMAGISTRAL</ownerDesignName>
<engineerTo>
<item key="705E64AB-E1D5-C53D-8F5E-BE0202FF033E" value="true"/>
</engineerTo>
<adequatelyNormalized>NO</adequatelyNormalized>
<expectedVolumes>0</expectedVolumes>
<fwdEngineeringStrategyName>Single Table</fwdEngineeringStrategyName>
<growthPercent>0</growthPercent>
<growthType>Year</growthType>
<maxVolumes>9999999</maxVolumes>
<minVolumes>0</minVolumes>
<normalForm>Third</normalForm>
<attributes itemClass="oracle.dbtools.crest.model.design.logical.Attribute">
<Attribute name="IdNombreEleccion" id="6F23DE13-24F1-9679-09B0-6E1D746BF9A3">
<createdBy>Eduardo Reyes</createdBy>
<createdTime>2024-04-19 23:08:55 UTC</createdTime>
<ownerDesignName>MODELOFINALMAGISTRAL</ownerDesignName>
<engineerTo>
<item key="705E64AB-E1D5-C53D-8F5E-BE0202FF033E" value="true"/>
</engineerTo>
<useDomainConstraints>false</useDomainConstraints>
<use>1</use>
<logicalDatatype>LOGDT011</logicalDatatype>
<ownDataTypeParameters>,,</ownDataTypeParameters>
</Attribute>
<Attribute name="nombre_Eleccion" id="684667D5-CFAE-CDA5-14A1-E68302BE2EA0">
<createdBy>Eduardo Reyes</createdBy>
<createdTime>2024-04-19 23:09:03 UTC</createdTime>
<ownerDesignName>MODELOFINALMAGISTRAL</ownerDesignName>
<engineerTo>
<item key="705E64AB-E1D5-C53D-8F5E-BE0202FF033E" value="true"/>
</engineerTo>
<useDomainConstraints>false</useDomainConstraints>
<use>1</use>
<logicalDatatype>LOGDT024</logicalDatatype>
<dataTypeSize>60</dataTypeSize>
<ownDataTypeParameters>60,,</ownDataTypeParameters>
</Attribute>
</attributes>
<identifiers itemClass="oracle.dbtools.crest.model.design.logical.CandidateKey">
<identifier id="B38EA9F0-1C88-DE14-2BC8-17A1A107E63E" name="NombreEleccion PK">
<createdBy>Eduardo Reyes</createdBy>
<createdTime>2024-04-19 23:09:17 UTC</createdTime>
<ownerDesignName>MODELOFINALMAGISTRAL</ownerDesignName>
<engineerTo>
<item key="705E64AB-E1D5-C53D-8F5E-BE0202FF033E" value="true"/>
</engineerTo>
<pk>true</pk>
<usedAttributes>
<attributeRef>6F23DE13-24F1-9679-09B0-6E1D746BF9A3</attributeRef>
</usedAttributes>
</identifier>
</identifiers>
</Entity>