<?xml version = '1.0' encoding = 'UTF-8'?>
<Entity class="oracle.dbtools.crest.model.design.logical.Entity" directorySegmentName="seg_0" id="DB26B2DD-EC14-80BC-B37B-580358095304" name="Region">
<createdBy>Eduardo Reyes</createdBy>
<createdTime>2024-04-18 18:37:54 UTC</createdTime>
<ownerDesignName>MODELOFINALMAGISTRAL</ownerDesignName>
<engineerTo>
<item key="705E64AB-E1D5-C53D-8F5E-BE0202FF033E" value="true"/>
</engineerTo>
<adequatelyNormalized>NO</adequatelyNormalized>
<expectedVolumes>0</expectedVolumes>
<fwdEngineeringStrategyName>Single Table</fwdEngineeringStrategyName>
<growthPercent>0</growthPercent>
<growthType>Year</growthType>
<maxVolumes>9999999</maxVolumes>
<minVolumes>0</minVolumes>
<normalForm>Third</normalForm>
<attributes itemClass="oracle.dbtools.crest.model.design.logical.Attribute">
<Attribute name="IdRegion" id="EEFB8E52-C390-CC55-8DC4-68750139E010">
<createdBy>Eduardo Reyes</createdBy>
<createdTime>2024-04-18 18:38:14 UTC</createdTime>
<ownerDesignName>MODELOFINALMAGISTRAL</ownerDesignName>
<engineerTo>
<item key="705E64AB-E1D5-C53D-8F5E-BE0202FF033E" value="true"/>
</engineerTo>
<useDomainConstraints>false</useDomainConstraints>
<use>1</use>
<logicalDatatype>LOGDT011</logicalDatatype>
<ownDataTypeParameters>,,</ownDataTypeParameters>
</Attribute>
<Attribute name="IdPais" id="1B91E29E-A6B3-59D3-C117-974D930C8C20">
<createdBy>Eduardo Reyes</createdBy>
<createdTime>2024-04-19 18:18:35 UTC</createdTime>
<generatorID>B45B43AF-7013-FA02-5F1A-A55399C8A0C1</generatorID>
<ownerDesignName>MODELOFINALMAGISTRAL</ownerDesignName>
<engineerTo>
<item key="705E64AB-E1D5-C53D-8F5E-BE0202FF033E" value="true"/>
</engineerTo>
<referedAttribute>A1C2245B-7B6D-6C24-F775-CDB79F7D55BF</referedAttribute>
<useDomainConstraints>false</useDomainConstraints>
<use>1</use>
<logicalDatatype>LOGDT011</logicalDatatype>
<ownDataTypeParameters>,,</ownDataTypeParameters>
</Attribute>
<Attribute name="NombreRegion" id="229A58BA-8344-FF8C-D965-AA81BD41C2AE">
<createdBy>Eduardo Reyes</createdBy>
<createdTime>2024-04-18 18:38:21 UTC</createdTime>
<ownerDesignName>MODELOFINALMAGISTRAL</ownerDesignName>
<engineerTo>
<item key="705E64AB-E1D5-C53D-8F5E-BE0202FF033E" value="true"/>
</engineerTo>
<useDomainConstraints>false</useDomainConstraints>
<use>1</use>
<logicalDatatype>LOGDT024</logicalDatatype>
<dataTypeSize>60</dataTypeSize>
<ownDataTypeParameters>60,,</ownDataTypeParameters>
</Attribute>
</attributes>
<identifiers itemClass="oracle.dbtools.crest.model.design.logical.CandidateKey">
<identifier id="A61ADB85-E7E0-ECB2-D563-92F038055713" name="Region PK">
<createdBy>Eduardo Reyes</createdBy>
<createdTime>2024-04-18 19:10:54 UTC</createdTime>
<ownerDesignName>MODELOFINALMAGISTRAL</ownerDesignName>
<engineerTo>
<item key="705E64AB-E1D5-C53D-8F5E-BE0202FF033E" value="true"/>
</engineerTo>
<pk>true</pk>
<usedAttributes>
<attributeRef>EEFB8E52-C390-CC55-8DC4-68750139E010</attributeRef>
</usedAttributes>
</identifier>
</identifiers>
</Entity>