<?xml version = '1.0' encoding = 'UTF-8'?>
<Entity class="oracle.dbtools.crest.model.design.logical.Entity" directorySegmentName="seg_0" id="E4FF1F72-876F-2197-29B6-5D2FE255C686" name="Eleccion">
<createdBy>Eduardo Reyes</createdBy>
<createdTime>2024-04-18 18:40:17 UTC</createdTime>
<ownerDesignName>MODELOFINALMAGISTRAL</ownerDesignName>
<engineerTo>
<item key="705E64AB-E1D5-C53D-8F5E-BE0202FF033E" value="true"/>
</engineerTo>
<adequatelyNormalized>NO</adequatelyNormalized>
<expectedVolumes>0</expectedVolumes>
<fwdEngineeringStrategyName>Single Table</fwdEngineeringStrategyName>
<growthPercent>0</growthPercent>
<growthType>Year</growthType>
<maxVolumes>9999999</maxVolumes>
<minVolumes>0</minVolumes>
<normalForm>Third</normalForm>
<attributes itemClass="oracle.dbtools.crest.model.design.logical.Attribute">
<Attribute name="IdEleccion" id="5948111E-94E6-A2D7-03E8-24747A7523AC">
<createdBy>Eduardo Reyes</createdBy>
<createdTime>2024-04-18 18:40:32 UTC</createdTime>
<ownerDesignName>MODELOFINALMAGISTRAL</ownerDesignName>
<engineerTo>
<item key="705E64AB-E1D5-C53D-8F5E-BE0202FF033E" value="true"/>
</engineerTo>
<useDomainConstraints>false</useDomainConstraints>
<use>1</use>
<logicalDatatype>LOGDT011</logicalDatatype>
<ownDataTypeParameters>,,</ownDataTypeParameters>
</Attribute>
<Attribute name="IdMunicipio" id="9DEF6319-5B03-8EF0-7051-246CF4610DA6">
<createdBy>Eduardo Reyes</createdBy>
<createdTime>2024-04-18 19:13:41 UTC</createdTime>
<generatorID>8B90F9F8-9A33-86BC-1A75-509BD1BC5E0A</generatorID>
<ownerDesignName>MODELOFINALMAGISTRAL</ownerDesignName>
<engineerTo>
<item key="705E64AB-E1D5-C53D-8F5E-BE0202FF033E" value="true"/>
</engineerTo>
<referedAttribute>577A1EE3-40C4-DCBA-ABD1-77B005BF31B5</referedAttribute>
<useDomainConstraints>false</useDomainConstraints>
<use>1</use>
<logicalDatatype>LOGDT011</logicalDatatype>
<ownDataTypeParameters>,,</ownDataTypeParameters>
</Attribute>
<Attribute name="yearEleccion" id="3F4DCDB8-2318-2324-6D18-774DC9F33788">
<createdBy>Eduardo Reyes</createdBy>
<createdTime>2024-04-18 18:40:43 UTC</createdTime>
<ownerDesignName>MODELOFINALMAGISTRAL</ownerDesignName>
<engineerTo>
<item key="705E64AB-E1D5-C53D-8F5E-BE0202FF033E" value="true"/>
</engineerTo>
<useDomainConstraints>false</useDomainConstraints>
<use>1</use>
<logicalDatatype>LOGDT011</logicalDatatype>
<ownDataTypeParameters>,,</ownDataTypeParameters>
</Attribute>
<Attribute name="IdNombreEleccion" id="0A0F6684-0518-8019-C307-06C0D04F4B27">
<createdBy>Eduardo Reyes</createdBy>
<createdTime>2024-04-19 23:09:34 UTC</createdTime>
<generatorID>0AF1AC71-CD0C-C825-8ED5-FCC76E2C43BB</generatorID>
<ownerDesignName>MODELOFINALMAGISTRAL</ownerDesignName>
<engineerTo>
<item key="705E64AB-E1D5-C53D-8F5E-BE0202FF033E" value="true"/>
</engineerTo>
<referedAttribute>6F23DE13-24F1-9679-09B0-6E1D746BF9A3</referedAttribute>
<useDomainConstraints>false</useDomainConstraints>
<use>1</use>
<logicalDatatype>LOGDT011</logicalDatatype>
<ownDataTypeParameters>,,</ownDataTypeParameters>
</Attribute>
</attributes>
<identifiers itemClass="oracle.dbtools.crest.model.design.logical.CandidateKey">
<identifier id="01E306C5-9B04-481A-A6EF-5DA7F47B71E6" name="Eleccion PK">
<createdBy>Eduardo Reyes</createdBy>
<createdTime>2024-04-18 19:13:29 UTC</createdTime>
<ownerDesignName>MODELOFINALMAGISTRAL</ownerDesignName>
<engineerTo>
<item key="705E64AB-E1D5-C53D-8F5E-BE0202FF033E" value="true"/>
</engineerTo>
<pk>true</pk>
<usedAttributes>
<attributeRef>5948111E-94E6-A2D7-03E8-24747A7523AC</attributeRef>
</usedAttributes>
</identifier>
</identifiers>
</Entity>