<?xml version = '1.0' encoding = 'UTF-8'?>
<Entity class="oracle.dbtools.crest.model.design.logical.Entity" directorySegmentName="seg_0" id="E5A24867-A1F9-442F-0D89-AACD38E2E19E" name="Resultados">
<createdBy>Eduardo Reyes</createdBy>
<createdTime>2024-04-18 18:45:56 UTC</createdTime>
<ownerDesignName>MODELOFINALMAGISTRAL</ownerDesignName>
<engineerTo>
<item key="705E64AB-E1D5-C53D-8F5E-BE0202FF033E" value="true"/>
</engineerTo>
<adequatelyNormalized>NO</adequatelyNormalized>
<expectedVolumes>0</expectedVolumes>
<fwdEngineeringStrategyName>Single Table</fwdEngineeringStrategyName>
<growthPercent>0</growthPercent>
<growthType>Year</growthType>
<maxVolumes>9999999</maxVolumes>
<minVolumes>0</minVolumes>
<normalForm>Third</normalForm>
<attributes itemClass="oracle.dbtools.crest.model.design.logical.Attribute">
<Attribute name="IdEleccion" id="45062511-C0CF-1505-CC57-9BFCAEC1E13C">
<createdBy>Eduardo Reyes</createdBy>
<createdTime>2024-04-23 01:17:37 UTC</createdTime>
<generatorID>98AC4B56-EEF6-F3C4-6308-905E4FD1CE8C</generatorID>
<ownerDesignName>MODELOFINALMAGISTRAL</ownerDesignName>
<engineerTo>
<item key="705E64AB-E1D5-C53D-8F5E-BE0202FF033E" value="true"/>
</engineerTo>
<referedAttribute>5948111E-94E6-A2D7-03E8-24747A7523AC</referedAttribute>
<useDomainConstraints>false</useDomainConstraints>
<use>1</use>
<logicalDatatype>LOGDT011</logicalDatatype>
<ownDataTypeParameters>,,</ownDataTypeParameters>
</Attribute>
<Attribute name="IdPartido" id="536A2810-FCEA-B677-014A-FE82081EDC8F">
<createdBy>Eduardo Reyes</createdBy>
<createdTime>2024-04-23 00:16:45 UTC</createdTime>
<generatorID>441942F1-EB71-F0DA-D841-FBB3B60EDAF6</generatorID>
<ownerDesignName>MODELOFINALMAGISTRAL</ownerDesignName>
<engineerTo>
<item key="705E64AB-E1D5-C53D-8F5E-BE0202FF033E" value="true"/>
</engineerTo>
<referedAttribute>2908FFAB-6301-5610-798D-B4ABF2D9D693</referedAttribute>
<useDomainConstraints>false</useDomainConstraints>
<use>1</use>
<logicalDatatype>LOGDT024</logicalDatatype>
<dataTypeSize>30</dataTypeSize>
<ownDataTypeParameters>,,</ownDataTypeParameters>
</Attribute>
<Attribute name="Sexo" id="AE23580D-38B2-A596-B051-323A0A8400A6">
<createdBy>Eduardo Reyes</createdBy>
<createdTime>2024-04-18 18:48:19 UTC</createdTime>
<ownerDesignName>MODELOFINALMAGISTRAL</ownerDesignName>
<engineerTo>
<item key="705E64AB-E1D5-C53D-8F5E-BE0202FF033E" value="true"/>
</engineerTo>
<useDomainConstraints>false</useDomainConstraints>
<use>1</use>
<logicalDatatype>LOGDT024</logicalDatatype>
<dataTypeSize>20</dataTypeSize>
<ownDataTypeParameters>20,,</ownDataTypeParameters>
</Attribute>
<Attribute name="Raza" id="B4A7D9B2-C0D1-14A5-9C0B-148B7C807213">
<createdBy>Eduardo Reyes</createdBy>
<createdTime>2024-04-18 18:48:49 UTC</createdTime>
<ownerDesignName>MODELOFINALMAGISTRAL</ownerDesignName>
<engineerTo>
<item key="705E64AB-E1D5-C53D-8F5E-BE0202FF033E" value="true"/>
</engineerTo>
<useDomainConstraints>false</useDomainConstraints>
<use>1</use>
<logicalDatatype>LOGDT024</logicalDatatype>
<dataTypeSize>20</dataTypeSize>
<ownDataTypeParameters>20,,</ownDataTypeParameters>
</Attribute>
<Attribute name="Analfabetos" id="D6439B5B-B642-3787-C3BF-2A6DD5011AA2">
<createdBy>Eduardo Reyes</createdBy>
<createdTime>2024-04-18 19:06:28 UTC</createdTime>
<ownerDesignName>MODELOFINALMAGISTRAL</ownerDesignName>
<engineerTo>
<item key="705E64AB-E1D5-C53D-8F5E-BE0202FF033E" value="true"/>
</engineerTo>
<useDomainConstraints>false</useDomainConstraints>
<use>1</use>
<logicalDatatype>LOGDT011</logicalDatatype>
<ownDataTypeParameters>,,</ownDataTypeParameters>
</Attribute>
<Attribute name="Primaria" id="71D82E9E-F3D9-83FA-7BDD-E548D6B34157">
<createdBy>Eduardo Reyes</createdBy>
<createdTime>2024-04-18 19:22:41 UTC</createdTime>
<ownerDesignName>MODELOFINALMAGISTRAL</ownerDesignName>
<engineerTo>
<item key="705E64AB-E1D5-C53D-8F5E-BE0202FF033E" value="true"/>
</engineerTo>
<useDomainConstraints>false</useDomainConstraints>
<use>1</use>
<logicalDatatype>LOGDT011</logicalDatatype>
<ownDataTypeParameters>,,</ownDataTypeParameters>
</Attribute>
<Attribute name="NivelMedio" id="D0ADBC5A-F4C4-FDF3-0087-998388EC7F86">
<createdBy>Eduardo Reyes</createdBy>
<createdTime>2024-04-18 19:22:45 UTC</createdTime>
<ownerDesignName>MODELOFINALMAGISTRAL</ownerDesignName>
<engineerTo>
<item key="705E64AB-E1D5-C53D-8F5E-BE0202FF033E" value="true"/>
</engineerTo>
<useDomainConstraints>false</useDomainConstraints>
<use>1</use>
<logicalDatatype>LOGDT011</logicalDatatype>
<ownDataTypeParameters>,,</ownDataTypeParameters>
</Attribute>
<Attribute name="Universitarios" id="6EF53E2C-2AAE-E6ED-4813-BAA4545CF8B6">
<createdBy>Eduardo Reyes</createdBy>
<createdTime>2024-04-18 19:22:48 UTC</createdTime>
<ownerDesignName>MODELOFINALMAGISTRAL</ownerDesignName>
<engineerTo>
<item key="705E64AB-E1D5-C53D-8F5E-BE0202FF033E" value="true"/>
</engineerTo>
<useDomainConstraints>false</useDomainConstraints>
<use>1</use>
<logicalDatatype>LOGDT011</logicalDatatype>
<ownDataTypeParameters>,,</ownDataTypeParameters>
</Attribute>
</attributes>
<identifiers itemClass="oracle.dbtools.crest.model.design.logical.CandidateKey">
<identifier id="3E536280-2DCF-4BE3-C347-987D11108956" name="Resultados PK">
<createdBy>Eduardo Reyes</createdBy>
<createdTime>2024-04-18 19:17:33 UTC</createdTime>
<ownerDesignName>MODELOFINALMAGISTRAL</ownerDesignName>
<engineerTo>
<item key="705E64AB-E1D5-C53D-8F5E-BE0202FF033E" value="true"/>
</engineerTo>
<pk>true</pk>
<usedAttributes>
<attributeRef>536A2810-FCEA-B677-014A-FE82081EDC8F</attributeRef>
<attributeRef>45062511-C0CF-1505-CC57-9BFCAEC1E13C</attributeRef>
<attributeRef>AE23580D-38B2-A596-B051-323A0A8400A6</attributeRef>
<attributeRef>B4A7D9B2-C0D1-14A5-9C0B-148B7C807213</attributeRef>
</usedAttributes>
</identifier>
</identifiers>
</Entity>